POLLUTANT_CODE,POLLUTANT_CODE_DESC,HAP_CATEGORY_NAME,Chemical Formula,Molecular Weight,ACTIVE,LAST_MODIFICATION_DATE,VALID_V20,VALID_V30,COMMENT,Urban HAP 33,Urban HAP_baseline_33,NATO_TEQ,WHO_TEQ,I_TEQ,OzonePrecursor,PMPrecursor,HAP_or_CAP,Pollutant_Rank
121448,Triethylamine,Triethylamine,C6H15N,101.19,Y,11/26/2001 11:02,Y,Y,,0,0,,,,1,0,HAP,1
121697,"N,N-Dimethylaniline","N,N-Dimethylaniline",C8H11N,121.18,Y,11/26/2001 11:02,Y,Y,,0,0,,,,1,0,HAP,1
122667,"1,2-Diphenylhydrazine","1,2-Diphenylhydrazine",C12H12N2,184.24,Y,11/26/2001 11:02,Y,Y,,0,0,,,,1,1,HAP,1
122996,Phenyl Cellosolve,Glycol Ethers,C8H10O2,138.17,Y,11/26/2001 11:02,Y,Y,,0,0,,,,1,1,HAP,1
123319,Hydroquinone,Hydroquinone,C6H6O2,110.11,Y,11/26/2001 11:02,Y,Y,,0,0,,,,1,1,HAP,1
123386,Propionaldehyde,Propionaldehyde,C3H6O,58.08,Y,11/26/2001 11:02,Y,Y,,0,0,,,,1,0,HAP,1
123739,Crotonaldehyde,,,,N,9/19/2002 0:00,Y,N,,0,0,,,,0,0,,
123911,p-Dioxane,p-Dioxane,C4H8O2,88.11,Y,11/26/2001 11:02,Y,Y,,0,0,,,,1,0,HAP,1
124174,Butyl Carbitol Acetate,Glycol Ethers,C10H20O4,204.27,Y,11/26/2001 11:02,Y,Y,,0,0,,,,1,1,HAP,1
125,Cadmium & Compounds,Cadmium Compounds,,,Y,11/26/2001 11:02,Y,Y,,1,1,,,,0,1,HAP,2
12504487,Nickel Hydroxide,Nickel Compounds,,,N,9/19/2002 0:00,Y,N,,0,0,,,,0,0,,
12626812,Lead Titanate Zircon,Lead Compounds,"Pb(Ti,Zr)O3",394.32,Y,11/26/2001 11:02,Y,Y,,1,1,,,,0,1,HAP,1
12640890,Selenium Oxide,Selenium Compounds,SeO,94.96,Y,11/26/2001 11:02,Y,Y,,0,0,,,,0,1,HAP,1
126998,Chloroprene,Chloroprene,C4H5Cl,88.54,Y,11/26/2001 11:02,Y,Y,,0,0,,,,1,0,HAP,1
12710360,Nickel Carbide,Nickel Compounds,Ni3C,188.1,Y,11/26/2001 11:02,Y,Y,,1,1,,,,0,1,HAP,1
1271289,Nickelocene,Nickel Compounds,C10H10Ni,188.88,Y,11/26/2001 11:02,Y,Y,,1,1,,,,0,1,HAP,1
127184,Tetrachloroethylene,Tetrachloroethylene (Perchloroethylene),C2Cl4,165.83,Y,11/26/2001 11:02,Y,Y,,1,1,,,,0,0,HAP,1
129000,Pyrene,Polycyclic Organic Matter as 15-PAH,C16H10,202.26,Y,11/26/2001 11:02,Y,Y,,0,1,,,,1,1,HAP,1
13011546,Phosphorous Salt,Phosphorus Compounds,,,N,5/5/2004 10:07,Y,N,The pollutant is no longer active.,0,0,,,,0,1,,
1303282,Arsenic Pentoxide,Arsenic Compounds(Inorganic Including Arsine),As2O5,229.84,Y,11/26/2001 11:02,Y,Y,,1,1,,,,0,1,HAP,1
1304569,Beryllium Oxide,Beryllium Compounds,BeO,25.01,Y,11/26/2001 11:02,Y,Y,,1,1,,,,0,1,HAP,1
130498292,"PAH, total",Polycyclic Organic Matter as 7-PAH,,,Y,5/5/2004 10:07,N,Y,The pollutant was added.  This replaces the code 234.,1,1,,,,1,1,HAP,1
1306190,Cadmium Oxide,Cadmium Compounds,CdO,128.41,Y,11/26/2001 11:02,Y,Y,,1,1,,,,0,1,HAP,1
1306236,Cadmium Sulfide,Cadmium Compounds,CdS,144.48,Y,11/26/2001 11:02,Y,Y,,1,1,,,,0,1,HAP,1
100027,4-Nitrophenol,4-Nitrophenol,C6H5NO3,139.11,Y,11/26/2001 11:02,Y,Y,,0,0,,,,1,1,HAP,1
10025737,Chromium (III) Chloride,Chromium Compounds,CrCl3,158.35,Y,5/9/2005,N,N,Added per request North Carolina.,1,1,,,,0,1,HAP,1
10025873,Phosphorus Oxychloride,Phosphorus Compounds,,,N,5/5/2004 10:07,Y,N,The pollutant is no longer active.,0,0,,,,0,1,,
10025919,Antimony Trichloride,Antimony Compounds,Cl3Sb,228.12,Y,11/26/2001 11:02,Y,Y,,0,0,,,,0,1,HAP,1
1002671,Diethylene Glycol Ethyl Methyl Ether,Glycol Ethers,C7H16O3,148.2,Y,11/26/2001 11:02,Y,Y,,0,0,,,,1,1,HAP,1
10031137,Lead Arsenite,Lead Compounds,Pb(AsHO2)2,391.04,Y,11/26/2001 11:02,Y,Y,,1,1,,,,0,1,HAP,1
10034829,Sodium Chromate(VI),Chromium Compounds,Na2(CrH2O4)(H2O)4,236.05,Y,11/26/2001 11:02,Y,Y,,1,1,,,,0,1,HAP,1
100414,Ethyl Benzene,Ethylbenzene,C8H10,106.17,Y,11/26/2001 11:02,Y,Y,,0,0,,,,1,0,HAP,1
100425,Styrene,Styrene,C8H8,104.15,Y,11/26/2001 11:02,Y,Y,,0,0,,,,1,0,HAP,1
10043660,Iodine 131,Radionuclides (Including Radon),"I, isotope of mass 131",126.9,Y,5/5/2004 10:07,N,Y,The pollutant was added.  This replaces the code 24267569.,0,0,,,,0,0,HAP,1
100447,Benzyl Chloride,Benzyl Chloride,C7H7Cl,126.59,Y,11/26/2001 11:02,Y,Y,,0,0,,,,1,0,HAP,1
10049055,Chromium (II) Chloride,Chromium Compounds, CrCl2,122.9,Y,5/9/2005,N,N,Added per request North Carolina.,1,1,,,,0,1,HAP,1
10060125,"Chromium Chloride, Hexahydrate",Chromium Compounds,CrCl3(H2O)6,266.45,Y,5/9/2005,Y,Y,Name changed per North Carolina request.,1,1,,,,0,1,HAP,1
100805,Ethylene Glycol Methyl Ether,Glycol Ethers,,,N,9/19/2002 0:00,Y,N,,0,0,,,,0,0,,
10099748,Lead Nitrate,Lead Compounds,Pb(HNO3)2,333.22,Y,11/26/2001 11:02,Y,Y,,1,1,,,,0,1,HAP,1
10101505,Permanganic acid,Manganese Compounds,Na(HMnO4),142.93,Y,3/13/2003 9:14,N,Y,,1,1,,,,0,1,HAP,1
10101538,Chromic Sulfate,Chromium Compounds,Cr2(H2SO4)3,298.24,Y,11/26/2001 11:02,Y,Y,,1,1,,,,0,1,HAP,1
10101970,Nickel (II) Sulfate Hexahydrate,Nickel Compounds,NiH2SO4.6H2O,262.7,Y,11/26/2001 11:02,Y,Y,,1,1,,,,0,1,HAP,1
101020,Triphenyl Phosphite,Phosphorus Compounds,,,N,5/5/2004 10:07,Y,N,The pollutant is no longer active.,0,0,,,,0,1,,
10108642,Cadmium Chloride,Cadmium Compounds,CdCl2,183.32,Y,11/26/2001 11:02,Y,Y,,1,1,,,,0,1,HAP,1
101144,"4,4'-Methylenebis(2-Chloraniline)","4,4'-Methylenebis(2-Chloroaniline)",C13H12Cl2N2,267.16,Y,11/26/2001 11:02,Y,Y,,0,0,,,,0,1,HAP,1
10124364,Cadmium Sulfate,Cadmium Compounds,CdH2SO4,210.49,Y,11/26/2001 11:02,Y,Y,,1,1,,,,0,1,HAP,1
10124433,Cobalt Sulfate,Cobalt Compounds,CoH2SO4,157.01,Y,11/26/2001 11:02,Y,Y,,0,0,,,,0,1,HAP,1
10137969,Ethyleneglycol Mono-2-Methylpentyl Ether,Glycol Ethers,C8H18O2,146.23,Y,11/26/2001 11:02,Y,Y,,0,0,,,,1,1,HAP,1
10137981,"Ethyleneglycolmono-2,6,8-Trimethyl-4-Nonyl Ether",Glycol Ethers,C14H30O2,230.39,Y,11/26/2001 11:02,Y,Y,,0,0,,,,1,1,HAP,1
10143530,Diethylene Glycol Ethylvinyl Ether,Glycol Ethers,C8H16O3,160.21,Y,11/26/2001 11:02,Y,Y,,0,0,,,,1,1,HAP,1
10143541,Diethylene Glycol Mono-2-Cyanoethyl Ether,Glycol Ethers,C7H13NO3,159.19,Y,11/26/2001 11:02,Y,Y,,0,0,,,,1,1,HAP,1
10143563,Diethyleneglycol-Mono-2-Methyl-Pentyl Ether,Glycol Ethers,C10H22O3,190.28,Y,11/26/2001 11:02,Y,Y,,0,0,,,,1,1,HAP,1
101688,"4,4'-Methylenediphenyl Diisocyanate","4,4'-Methylenediphenyl Diisocyanate (MDI)",C15H10N2O2,250.26,Y,11/26/2001 11:02,Y,Y,,0,0,,,,0,1,HAP,1
101779,"4,4'-Methylenedianiline","4,4'-Methylenedianiline",C13H14N2,198.27,Y,11/26/2001 11:02,Y,Y,,0,0,,,,0,1,HAP,1
102,Benzo[b+k]Fluoranthene,Polycyclic Organic Matter as 7-PAH,C18H10,226.28,Y,11/26/2001 11:02,Y,Y,,1,1,,,,1,1,HAP,1
10215335,3-Butoxy-1-Propanol,Glycol Ethers, C7H16O2,132.2,Y,11/26/2001 11:02,Y,Y,,0,0,,,,1,1,HAP,1
10294403,Barium Chromate,Chromium Compounds,BaCrH2O4,255.34,Y,11/26/2001 11:02,Y,Y,,1,1,,,,0,1,HAP,1
10294561,Phosphorous Acid,Phosphorus Compounds,,,N,5/5/2004 10:07,Y,N,The pollutant is no longer active.,0,0,,,,0,1,,
103,Benz(a)Anthracene/Chrysene,Polycyclic Organic Matter as 7-PAH,C18H12,228.29,Y,3/13/2003 9:14,N,Y,,1,1,,,,1,1,HAP,1
10325947,Cadmium Nitrate,Cadmium Compounds,Cd(HNO3)2,238.44,Y,11/26/2001 11:02,Y,Y,,1,1,,,,0,1,HAP,1
10377669,Manganese Nitrate,Manganese Compounds,Mn(HNO3)2,180.96,Y,11/26/2001 11:02,Y,Y,,1,1,,,,0,1,HAP,1
10588019,Sodium Dichromate,Chromium Compounds,Na2(Cr2H2O7),263.98,Y,11/26/2001 11:02,Y,Y,,1,1,,,,0,1,HAP,1
106423,p-Xylene,Xylenes (Mixed Isomers),C8H10,106.17,Y,11/26/2001 11:02,Y,Y,,0,0,,,,1,0,HAP,1
106445,p-Cresol,Cresol/Cresylic Acid (Mixed Isomers),C7H8O,108.14,Y,11/26/2001 11:02,Y,Y,,0,0,,,,1,1,HAP,1
106467,"1,4-Dichlorobenzene","1,4-Dichlorobenzene",C6H4Cl2,147,Y,11/26/2001 11:02,Y,Y,,0,0,,,,1,0,HAP,1
106503,p-Phenylenediamine,p-Phenylenediamine,C6H8N2,108.14,Y,11/26/2001 11:02,Y,Y,,0,0,,,,1,1,HAP,1
106514,Quinone,Quinone (p-Benzoquinone),C6H4O2,108.1,Y,11/26/2001 11:02,Y,Y,,0,0,,,,1,1,HAP,1
106887,"1,2-Epoxybutane","1,2-Epoxybutane",C4H8O,72.11,Y,11/26/2001 11:02,Y,Y,,0,0,,,,1,0,HAP,1
106898,"1-Chloro-2,3-Epoxypropane","Epichlorohydrin (1-Chloro-2,3-Epoxypropane)",C3H5ClO,92.52,Y,11/26/2001 11:02,Y,Y,,0,0,,,,1,0,HAP,1
106934,Ethylene Dibromide,Ethylene Dibromide (Dibromoethane),C2H4Br2,187.86,Y,11/26/2001 11:02,Y,Y,,1,1,,,,1,0,HAP,1
106990,"1,3-Butadiene","1,3-Butadiene",C4H6,54.09,Y,11/26/2001 11:02,Y,Y,,1,1,,,,1,0,HAP,1
107028,Acrolein,Acrolein,C3H4O,56.06,Y,11/26/2001 11:02,Y,Y,,1,1,,,,1,0,HAP,1
107051,Allyl Chloride,Allyl Chloride,C3H5Cl,76.53,Y,11/26/2001 11:02,Y,Y,,0,0,,,,1,0,HAP,1
107062,Ethylene Dichloride,"Ethylene Dichloride (1,2-Dichloroethane)",C2H4Cl2,98.96,Y,11/26/2001 11:02,Y,Y,,1,1,,,,1,0,HAP,1
107131,Acrylonitrile,Acrylonitrile,C3H3N,53.06,Y,11/26/2001 11:02,Y,Y,,1,1,,,,1,0,HAP,1
107211,Ethylene Glycol,Ethylene Glycol,C2H6O2,62.07,Y,11/26/2001 11:02,Y,Y,,0,0,,,,1,1,HAP,1
107302,Chloromethyl Methyl Ether,Chloromethyl Methyl Ether,C2H5ClO,80.51,Y,11/26/2001 11:02,Y,Y,,0,0,,,,1,0,HAP,1
107982,Propylene Glycol Monoethyl Ether,Glycol Ethers,,,N,3/13/2003 8:47,Y,N,,0,0,,,,0,0,,
108054,Vinyl Acetate,Vinyl Acetate,C4H6O2,86.09,Y,11/26/2001 11:02,Y,Y,,0,0,,,,1,0,HAP,1
108101,Methyl Isobutyl Ketone,Methyl Isobutyl Ketone (Hexone),C6H12O,100.16,Y,11/26/2001 11:02,Y,Y,,0,0,,,,1,0,HAP,1
108316,Maleic Anhydride,Maleic Anhydride,C4H2O3,98.06,Y,11/26/2001 11:02,Y,Y,,0,0,,,,0,1,HAP,1
108383,m-Xylene,Xylenes (Mixed Isomers),C8H10,106.17,Y,11/26/2001 11:02,Y,Y,,0,0,,,,1,0,HAP,1
108394,m-Cresol,Cresol/Cresylic Acid (Mixed Isomers),C7H8O,108.14,Y,11/26/2001 11:02,Y,Y,,0,0,,,,1,1,HAP,1
108656,Propylene Glycol Methyl Ether Acetate,Glycol Ethers,,,N,9/19/2002 0:00,Y,N,,0,0,,,,0,0,,
108883,Toluene,Toluene,C7H8,92.14,Y,11/26/2001 11:02,Y,Y,,0,0,,,,1,0,HAP,1
108907,Chlorobenzene,Chlorobenzene,C6H5Cl,112.56,Y,11/26/2001 11:02,Y,Y,,0,0,,,,1,0,HAP,1
108952,Phenol,Phenol,C6H6O,94.11,Y,11/26/2001 11:02,Y,Y,,0,0,,,,1,0,HAP,1
109,Beryllium & Compounds,Beryllium Compounds,,,Y,11/26/2001 11:02,Y,Y,,1,1,,,,0,1,HAP,2
109591,Isopropyl Glycol,Glycol Ethers,,,N,9/19/2002 0:00,Y,N,,0,0,,,,0,0,,
109864,Ethylene Glycol Methyl Ether,Glycol Ethers,C3H8O2,76.1,Y,11/26/2001 11:02,Y,Y,,0,0,,,,1,1,HAP,1
109999,Tetrahydrofuran,,,,N,9/19/2002 0:00,Y,N,,0,0,,,,0,0,,
110496,Ethylene Glycol Monomethyl Ether Acetate,Glycol Ethers,C5H10O3,118.13,Y,11/26/2001 11:02,Y,Y,,0,0,,,,1,1,HAP,1
110543,Hexane,Hexane,C6H14,86.18,Y,11/26/2001 11:02,Y,Y,,0,0,,,,1,0,HAP,1
110714,"1,2-Dimethoxyethane",Glycol Ethers,C4H10O2,90.12,Y,11/26/2001 11:02,Y,Y,,0,0,,,,1,1,HAP,1
110805,Cellosolve Solvent,Glycol Ethers,C4H10O2,90.12,Y,11/26/2001 11:02,Y,Y,,0,0,,,,1,1,HAP,1
11103869,Zinc Potassium Chromate,Chromium Compounds,ZnK(CrO4)(OH),237.49,Y,11/26/2001 11:02,Y,Y,,1,1,,,,0,1,HAP,1
111104,Methoxyethyl Oleate,Glycol Ethers,C21H40O3,340.55,Y,11/26/2001 11:02,Y,Y,,0,0,,,,1,1,HAP,1
11115745,Chromic Acid,Chromium Compounds,,,N,5/5/2004 10:07,Y,N,The pollutant is no longer active.  The correct pollutant code is 7738945.,1,1,,,,0,1,,
111159,Cellosolve Acetate,Glycol Ethers,C6H12O3,132.16,Y,11/26/2001 11:02,Y,Y,,0,0,,,,1,1,HAP,1
111353,3-Ethoxy-1-Propanol,,,,N,9/19/2002 0:00,Y,N,,0,0,,,,0,0,,
111422,Diethanolamine,Diethanolamine, C4H11NO2,105.14,Y,11/26/2001 11:02,Y,Y,,0,0,,,,1,1,HAP,1
111444,Dichloroethyl Ether,Dichloroethyl Ether (Bis[2-Chloroethyl]Ether),C4H8Cl2O,143.01,Y,11/26/2001 11:02,Y,Y,,0,0,,,,1,0,HAP,1
111466,Diethylene Glycol,Glycol Ethers,,,N,3/13/2003 8:47,Y,N,,0,0,,,,0,0,,
111762,Butyl Cellosolve,Glycol Ethers,C6H14O2,118.18,Y,11/26/2001 11:02,Y,Y,,0,0,,,,1,1,HAP,1
111773,Diethylene Glycol Monomethyl Ether,Glycol Ethers,C5H12O3,120.15,Y,11/26/2001 11:02,Y,Y,,0,0,,,,1,1,HAP,1
111900,Diethylene Glycol Monoethyl Ether,Glycol Ethers,C6H14O3,134.18,Y,11/26/2001 11:02,Y,Y,,0,0,,,,1,1,HAP,1
111966,Diethylene Glycol Dimethyl Ether,Glycol Ethers,C6H14O3,134.18,Y,11/26/2001 11:02,Y,Y,,0,0,,,,1,1,HAP,1
1120714,"1,3-Propanesultone","1,3-Propane Sultone",C3H6O3S,122.14,Y,11/26/2001 11:02,Y,Y,,0,0,,,,0,1,HAP,1
112072,2-Butoxyethyl Acetate,Glycol Ethers,C8H16O3,160.21,Y,11/26/2001 11:02,Y,Y,,0,0,,,,1,1,HAP,1
112152,Carbitol Acetate,Glycol Ethers,C8H16O4,176.21,Y,11/26/2001 11:02,Y,Y,,0,0,,,,1,1,HAP,1
112254,2-(Hexyloxy)Ethanol,Glycol Ethers,C8H18O2,146.23,Y,11/26/2001 11:02,Y,Y,,0,0,,,,1,1,HAP,1
112276,Triethylene glycol,Glycol Ethers,C6H14O4,150.17,Y,3/13/2003 8:49,N,Y,,0,0,,,,1,1,HAP,1
112345,Diethylene Glycol Monobutyl Ether,Glycol Ethers,C8H18O3,162.23,Y,11/26/2001 11:02,Y,Y,,0,0,,,,1,1,HAP,1
112356,Methoxytriglycol,Glycol Ethers,C7H16O4,164.2,Y,11/26/2001 11:02,Y,Y,,0,0,,,,1,1,HAP,1
112367,Diethylene glycol diethyl ether,Glycol Ethers,C8H18O3,162.23,Y,3/13/2003 9:20,N,Y,,0,0,,,,1,1,HAP,1
112492,Triethylene Glycol Dimethyl Ether,Glycol Ethers,C8H18O4,178.23,Y,11/26/2001 11:02,Y,Y,,0,0,,,,1,1,HAP,1
112505,Ethoxytriglycol,Glycol Ethers,C8H18O4,178.23,Y,11/26/2001 11:02,Y,Y,,0,0,,,,1,1,HAP,1
112594,N-Hexyl Carbitol,Glycol Ethers,C10H22O3,190.28,Y,11/26/2001 11:02,Y,Y,,0,0,,,,1,1,HAP,1
114261,Propoxur,Propoxur (Baygon),C11H15NO3,209.24,Y,11/26/2001 11:02,Y,Y,,0,0,,,,0,1,HAP,1
115866,Triphenyl Phosphate,Phosphorus Compounds,,,N,5/5/2004 10:07,Y,N,The pollutant is no longer active.,0,0,,,,0,1,,
117817,Bis(2-Ethylhexyl)Phthalate,Bis(2-Ethylhexyl)Phthalate (Dehp),C24H38O4,390.56,Y,11/26/2001 11:02,Y,Y,,0,0,,,,1,1,HAP,1
118741,Hexachlorobenzene,Hexachlorobenzene,C6Cl6,284.78,Y,11/26/2001 11:02,Y,Y,,1,1,,,,0,1,HAP,1
119904,"3,3'-Dimethoxybenzidine","3,3'-Dimethoxybenzidine",C14H16N2O2,244.29,Y,11/26/2001 11:02,Y,Y,,0,0,,,,1,1,HAP,1
119937,"3,3'-Dimethylbenzidine","3,3'-Dimethylbenzidine",C14H16N2,212.29,Y,11/26/2001 11:02,Y,Y,,0,0,,,,1,0,HAP,1
120127,Anthracene,Polycyclic Organic Matter as 15-PAH,C14H10,178.23,Y,11/26/2001 11:02,Y,Y,,0,1,,,,1,1,HAP,1
12018018,Chromium Dioxide,Chromium Compounds,CrO2,83.99,Y,11/26/2001 11:02,Y,Y,,1,1,,,,0,1,HAP,1
12018198,Chromium Zinc Oxide,Chromium Compounds,Cr2ZnO4,233.37,Y,11/26/2001 11:02,Y,Y,,1,1,,,,0,1,HAP,1
12035722,Nickel Subsulfide,Nickel Compounds,Ni3S2,240.21,Y,11/26/2001 11:02,Y,Y,,1,1,,,,0,1,HAP,1
12054487,Nickel Hydroxide,Nickel Compounds,NiH2O2,92.71,Y,11/26/2001 11:02,Y,Y,,1,1,,,,0,1,HAP,1
120558,Diethylene Glycol Dibenzoate,Glycol Ethers,C18H18O5,314.34,Y,11/26/2001 11:02,Y,Y,,0,0,,,,1,1,HAP,1
12060003,Lead Titanate,Lead Compounds,PbTiO3,303.1,Y,11/26/2001 11:02,Y,Y,,1,1,,,,0,1,HAP,1
12079651,"Manganese, tricarbonyl (.eta.5-2,4-cyclopentadien-1-yl)-",Manganese Compounds,C8H5MnO3,204.06,Y,9/7/2004 13:06,N,Y,pollutant added with NC data.,1,1,,,,0,1,HAP,1
120809,Catechol,Catechol,C6H6O2,110.11,Y,11/26/2001 11:02,Y,Y,,0,0,,,,1,0,HAP,1
120821,"1,2,4-Trichlorobenzene","1,2,4-Trichlorobenzene",C6H3Cl3,181.45,Y,11/26/2001 11:02,Y,Y,,0,0,,,,1,0,HAP,1
121142,"2,4-Dinitrotoluene","2,4-Dinitrotoluene",C7H6N2O4,182.14,Y,11/26/2001 11:02,Y,Y,,0,0,,,,1,1,HAP,1
12136913,Phosphorous Nitride,Phosphorus Compounds,,,N,5/5/2004 10:07,Y,N,The pollutant is no longer active.,0,0,,,,0,1,,
1307966,Cobalt Oxide,Cobalt Compounds,CoO,74.93,Y,11/26/2001 11:02,Y,Y,,0,0,,,,0,1,HAP,1
1308061,"Cobalt Oxide (II,III)",Cobalt Compounds,Co3O4,240.8,Y,11/26/2001 11:02,Y,Y,,0,0,,,,0,1,HAP,1
1308130,Zinc Chromate,Chromium Compounds,,,N,5/5/2004 10:07,N,N,The pollutant is no longer active.  The correct pollutant code is 13530659.,1,1,,,,0,1,,
1308141,Chromium Hydroxide,Chromium Compounds,Cr(OH)3,103.02,Y,11/26/2001 11:02,Y,Y,,1,1,,,,0,1,HAP,1
1308389,Chromic Oxide,Chromium Compounds,Cr2O3,151.99,Y,11/26/2001 11:02,Y,Y,,1,1,,,,0,1,HAP,1
1309600,Lead Dioxide,Lead Compounds,PbO2,239.2,Y,11/26/2001 11:02,Y,Y,,1,1,,,,0,1,HAP,1
1309644,Antimony Trioxide,Antimony Compounds,Sb2O3,291.52,Y,11/26/2001 11:02,Y,Y,,0,0,,,,0,1,HAP,1
131113,Dimethyl Phthalate,Dimethyl Phthalate,C10H10O4,194.19,Y,11/26/2001 11:02,Y,Y,,0,0,,,,1,1,HAP,1
1313139,Manganese Dioxide,Manganese Compounds,MnO2,86.94,Y,11/26/2001 11:02,Y,Y,,1,1,,,,0,1,HAP,1
13138459,Nickel Nitrate,Nickel Compounds,Ni(HNO3)2,184.72,Y,11/26/2001 11:02,Y,Y,,1,1,,,,0,1,HAP,1
1313991,Nickel Oxide,Nickel Compounds,NiO,74.69,Y,11/26/2001 11:02,Y,Y,,1,1,,,,0,1,HAP,1
1314063,Nickel Peroxide,Nickel Compounds,Ni2O3,165.39,Y,11/26/2001 11:02,Y,Y,,1,1,,,,0,1,HAP,1
1314245,Phosphorus Trioxide,Phosphorus Compounds,,,N,5/5/2004 10:07,Y,N,The pollutant is no longer active.,0,0,,,,0,1,,
1314416,"Lead (II, IV) Oxide",Lead Compounds,Pb3O4,685.6,Y,11/26/2001 11:02,Y,Y,,1,1,,,,0,1,HAP,1
1314563,Phosphorus Pentoxide,Phosphorus Compounds,,,N,5/5/2004 10:07,Y,N,The pollutant is no longer active.,0,0,,,,0,1,,
1314803,Phosphorus Pentasulfide,Phosphorus Compounds,,,N,5/5/2004 10:07,Y,N,The pollutant is no longer active.,0,0,,,,0,1,,
1317346,Manganese Trioxide,Manganese Compounds,Mn2O3,157.87,Y,3/13/2003 9:14,N,Y,,1,1,,,,0,1,HAP,1
1317357,Manganese Tetroxide,Manganese Compounds,Mn3O4,228.81,Y,11/26/2001 11:02,Y,Y,,1,1,,,,0,1,HAP,1
1317368,Lead (II) Oxide,Lead Compounds,PbO,223.2,Y,11/26/2001 11:02,Y,Y,,1,1,,,,0,1,HAP,1
13173681,Lead Mono Oxide,Lead Compounds,,,N,9/19/2002 0:00,Y,N,,0,0,,,,0,0,,
1317426,Cobalt Sulfide,Cobalt Compounds,CoS,91,Y,11/26/2001 11:02,Y,Y,,0,0,,,,0,1,HAP,1
1319773,Cresol,Cresol/Cresylic Acid (Mixed Isomers),C7H8O,108.14,Y,11/26/2001 11:02,Y,Y,,0,0,,,,1,1,HAP,1
132649,Dibenzofuran,Dibenzofuran,C12H8O,168.19,Y,11/26/2001 11:02,Y,Y,,0,0,,,,0,1,HAP,1
1327339,Antimony Oxide,Antimony Compounds,SbO,137.36,Y,11/26/2001 11:02,Y,Y,,0,0,,,,0,1,HAP,1
1327522,Arsenic Acid,Arsenic Compounds(Inorganic Including Arsine),,,N,5/5/2004 10:07,Y,N,The pollutant is no longer active.  The correct pollutant code is 7778394.,1,1,,,,0,1,,
1327533,Arsenic Trioxide,Arsenic Compounds(Inorganic Including Arsine),As2O3,197.84,Y,11/26/2001 11:02,Y,Y,,1,1,,,,0,1,HAP,1
1330207,"Xylenes (Mixture of o, m, and p Isomers)",Xylenes (Mixed Isomers),C8H10,106.17,Y,11/26/2001 11:02,Y,Y,,0,0,,,,1,0,HAP,1
133062,Captan,Captan,C9H8Cl3NO2S,300.59,Y,11/26/2001 11:02,Y,Y,,0,0,,,,0,1,HAP,1
1332214,Asbestos,Asbestos,,,Y,11/26/2001 11:02,Y,Y,,0,0,,,,0,1,HAP,1
1333820,Chromium Trioxide,Chromium Compounds,CrO3,99.99,Y,11/26/2001 11:02,Y,Y,,1,1,,,,0,1,HAP,1
1335257,Lead Oxide,Lead Compounds,PbO,223.2,Y,3/13/2003 9:14,N,Y,,1,1,,,,0,1,HAP,1
1335326,Lead Subacetate,Lead Compounds, Pb3C4H10O8,807.72,Y,11/26/2001 11:02,Y,Y,,1,1,,,,0,1,HAP,1
1336363,Polychlorinated Biphenyls,Polychlorinated Biphenyls (Aroclors),,,Y,11/26/2001 11:02,Y,Y,,1,1,,,,1,1,HAP,1
1336932,Manganese Napthenate,Manganese Compounds,C14H22MnO4,309.26,Y,11/26/2001 11:02,Y,Y,,1,1,,,,0,1,HAP,1
133904,Chloramben,Chloramben,C7H5Cl2NO2,206.03,Y,11/26/2001 11:02,Y,Y,,0,0,,,,0,1,HAP,1
1345046,Antimony Trisulfide,Antimony Compounds,Sb2S3,339.72,Y,11/26/2001 11:02,Y,Y,,0,0,,,,0,1,HAP,1
1345160,Cobalt Aluminate,Cobalt Compounds,CoO · Al2O3,176.9,Y,11/26/2001 11:02,Y,Y,,0,0,,,,0,1,HAP,1
13462889,Nickel Bromide,Nickel Compounds,NiBr2,218.5,Y,11/26/2001 11:02,Y,Y,,1,1,,,,0,1,HAP,1
13463393,Nickel Carbonyl,Nickel Compounds,NiC4O4,170.74,Y,11/26/2001 11:02,Y,Y,,1,1,,,,0,1,HAP,1
13510491,Beryllium Sulfate,Beryllium Compounds,BeH2SO4,107.09,Y,11/26/2001 11:02,Y,Y,,1,1,,,,0,1,HAP,1
13530659,Zinc Chromate,Chromium Compounds,ZnCrH2O4,183.4,Y,11/26/2001 11:02,Y,Y,,1,1,,,,0,1,HAP,1
13530682,Chromic Sulfuric Acid,Chromium Compounds,Cr2H2O7,218,Y,11/26/2001 11:02,Y,Y,,1,1,,,,0,1,HAP,1
13586828,"Hexanoic acid, 2-ethyl-, cobalt saltcobalt salt",Cobalt Compounds,C8H16O2.xCo,286.61,Y,5/5/2004 10:07,N,Y,The pollutant was added.,0,0,,,,0,1,HAP,1
13597994,Beryllium Nitrate,Beryllium Compounds,Be(HNO3)2,135.04,Y,5/9/2005,N,N,Added per request North Carolina.,1,1,,,,0,1,HAP,1
136,Chromium & Compounds,Chromium Compounds,,,Y,11/26/2001 11:02,Y,Y,,1,1,,,,0,1,HAP,2
136527,"Hexanoic acid, 2-ethyl-, cobalt(2+) salt",Cobalt Compounds,Co(C8H16O2)2,347.36,Y,5/5/2004 10:07,N,Y,The pollutant name was changed.,0,0,,,,0,1,HAP,1
136677093,"Dioxins, Total, W/O Individ. Isomers Reported {PCDDS}","Dioxins/Furans (total, non TEQ)",,,Y,5/5/2004 10:07,N,Y,The pollutant was added.  This replaces the codes 610 & 623.,1,1,,,,0,1,HAP,1
136677106,"Polychlorinated Dibenzofurans, Total","Dioxins/Furans (total, non TEQ)",,,Y,5/5/2004 10:07,N,Y,The pollutant was added.  This replaces the codes 624 & 609.,1,1,,,,0,1,HAP,1
13765190,Calcium Chromate,Chromium Compounds,CaCrH2O4,158.09,Y,11/26/2001 11:02,Y,Y,,1,1,,,,0,1,HAP,1
13770893,Nickel Sulfamate,Nickel Compounds,Ni(H3NO3S)2,252.88,Y,11/26/2001 11:02,Y,Y,,1,1,,,,0,1,HAP,1
13814965,Lead Fluoroborate,Lead Compounds,Pb(BF4)2,380.8,Y,11/26/2001 11:02,Y,Y,,1,1,,,,0,1,HAP,1
139,Cobalt & Compounds,Cobalt Compounds,,,Y,11/26/2001 11:02,Y,Y,,0,0,,,,0,1,HAP,2
13943583,Potassium Ferrocyani,Cyanide Compounds,K4FeC6N6,368.34,Y,11/26/2001 11:02,Y,Y,,0,0,,,,0,1,HAP,1
13967505,Gold (I) Potassium Cyanide,Cyanide Compounds,AuKC2N2,288.1,Y,3/13/2003 9:22,N,Y,,0,0,,,,0,1,HAP,1
140,Coke Oven Emissions,Coke Oven Emissions,,,Y,11/26/2001 11:02,Y,Y,,1,1,,,,1,1,HAP,2
140056,Methyl Cellosolve Acetylricinoleate,Glycol Ethers,C23H42O5,398.58,Y,11/26/2001 11:02,Y,Y,,0,0,,,,1,1,HAP,1
14018952,"Chromic acid (H2Cr2O7), zinc salt (1:1)",Chromium Compounds,ZnCr2H2O7,283.39,Y,5/24/2005,N,Y,Added per request of North Carolina.,1,1,,,,0,1,HAP,1
140294,Benzyl Cyanide,Cyanide Compounds,C8H7N,117.15,Y,11/26/2001 11:02,Y,Y,,0,0,,,,0,1,HAP,1
140885,Ethyl Acrylate,Ethyl Acrylate,C5H8O2,100.12,Y,11/26/2001 11:02,Y,Y,,0,0,,,,1,0,HAP,1
141,Benzene Soluble Organics (BSO),Coke Oven Emissions,,,Y,9/19/2002 11:29,Y,Y,,1,0,,,,1,1,HAP,1
142,Methylene Chloride Soluble Organics (MCSO),Coke Oven Emissions,,,Y,9/19/2002 11:29,Y,Y,,1,0,,,,1,1,HAP,1
14220178,Potass Nickel Cyanid,Cyanide Compounds,K2NiC4N4,240.96,Y,11/26/2001 11:02,Y,Y,,0,0,,,,0,1,HAP,1
14307336,"Chromic acid (H2Cr2O7), calcium salt (1:1)",Chromium Compounds,CaCr2H2O7,258.08,Y,9/7/2004 13:06,N,Y,pollutant added with NC data.,1,1,,,,0,1,HAP,1
14307358,Lithium Chromate,Chromium Compounds,Li2(CrH2O4),131.89,Y,11/26/2001 11:02,Y,Y,,1,1,,,,0,1,HAP,1
143226,Triglycol Monobutyl Ether,Glycol Ethers,C10H22O4,206.28,Y,11/26/2001 11:02,Y,Y,,0,0,,,,1,1,HAP,1
143339,Sodium Cyanide,Cyanide Compounds,NaCN,49.01,Y,11/26/2001 11:02,Y,Y,,0,0,,,,0,1,HAP,1
14336700,Nickel 59,Nickel Compounds,"Ni, isotope 59",58.7,Y,5/5/2004 10:07,N,Y,The pollutant was added.  This replaces the code NY059280.,1,1,,,,0,1,HAP,1
144,Cyanide & Compounds,Cyanide Compounds,,,Y,11/26/2001 11:02,Y,Y,,0,0,,,,0,1,HAP,2
14977618,Chromyl Chloride,Chromium Compounds,CrO2Cl2,154.9,Y,11/26/2001 11:02,Y,Y,,1,1,,,,0,1,HAP,1
151508,Potassium Cyanide,Cyanide Compounds,KCN,65.12,Y,11/26/2001 11:02,Y,Y,,0,0,,,,0,1,HAP,1
151564,Ethyleneimine,Ethyleneimine (Aziridine),C2H5N,43.07,Y,11/26/2001 11:02,Y,Y,,0,0,,,,1,0,HAP,1
155,Dioxins,"Dioxins/Furans (total, non TEQ)",,,Y,11/26/2001 11:02,Y,Y,,1,1,,,,0,1,HAP,1
156627,Calcium Cyanamide,Calcium Cyanamide,CaCH2N2,82.12,Y,11/26/2001 11:02,Y,Y,,0,0,,,,0,1,HAP,1
1569024,1-Ethoxy-2-Propanol,,,,N,9/19/2002 0:00,Y,N,,0,0,,,,0,0,,
1582098,Trifluralin,Trifluralin,C13H16F3N3O4,335.29,Y,11/26/2001 11:02,Y,Y,,0,0,,,,0,1,HAP,1
1589497,3-Methoxy-1-Propanol,Glycol Ethers,C4H10O2,90.12,Y,11/26/2001 11:02,Y,Y,,0,0,,,,1,1,HAP,1
16065831,Chromium III,Chromium Compounds,Cr+3,52,Y,11/26/2001 11:02,Y,Y,,1,1,,,,0,1,HAP,1
1634044,Methyl Tert-Butyl Ether,Methyl Tert-Butyl Ether,C5H12O,88.15,Y,11/26/2001 11:02,Y,Y,,0,0,,,,1,0,HAP,1
16672392,Di(Ethylene Glycol Monobutyl Ether) Phthalate,Glycol Ethers,C24H38O8,454.56,Y,11/26/2001 11:02,Y,Y,,0,0,,,,1,1,HAP,1
16842038,Cobalt Hydrocarbonyl,Cobalt Compounds,CoC4HO4,171.98,Y,5/5/2004 10:07,Y,Y,The name for the pollutant was incorrect.  Cobalt carbonate is 7542098.,0,0,,,,0,1,HAP,1
16925250,Sodium hexafluoroantimenate,Antimony Compounds,NaF6Sb,258.74,Y,3/13/2003 9:14,N,Y,,0,0,,,,0,1,HAP,1
171,Glycol Ethers,Glycol Ethers,,,Y,11/26/2001 11:02,Y,Y,,0,0,,,,1,1,HAP,2
173,Heptachlorodibenzo-p-Dioxin,,,,N,9/19/2002 0:00,Y,N,,0,0,,,,0,0,,
174,Heptachlorodibenzofuran,,,,N,9/19/2002 0:00,Y,N,,0,0,,,,0,0,,
1746016,"2,3,7,8-Tetrachlorodibenzo-p-Dioxin","Dioxins/Furans as 2,3,7,8-TCDD TEQs",C12H4Cl4O2,321.97,Y,11/26/2001 11:02,Y,Y,,1,1,1,1,1,0,1,HAP,1
180,Hexachlorodibenzofuran,,,,N,9/19/2002 0:00,Y,N,,0,0,,,,0,0,,
18454121,Lead Chromate Oxide,Lead Compounds,Pb(CrO4)O,339.2,Y,11/26/2001 11:02,Y,Y,,1,1,,,,0,1,HAP,1
18540299,Chromium (VI),Chromium Compounds,Cr+6,52,Y,11/26/2001 11:02,Y,Y,,1,1,,,,0,1,HAP,1
18912806,Diethylene Glycol Monoisobutyl Ether,Glycol Ethers,C8H18O3,162.23,Y,11/26/2001 11:02,Y,Y,,0,0,,,,1,1,HAP,1
189559,"Dibenzo[a,i]Pyrene",Polycyclic Organic Matter as non-15 PAH,C24H14,302.38,Y,11/26/2001 11:02,Y,Y,,0,0,,,,1,1,HAP,1
189640,"Dibenzo[a,h]Pyrene",Polycyclic Organic Matter as non-15 PAH,C24H14,302.38,Y,11/26/2001 11:02,Y,Y,,0,0,,,,1,1,HAP,1
191242,"Benzo[g,h,i,]Perylene",Polycyclic Organic Matter as 15-PAH,C22H12,276.3,Y,11/26/2001 11:02,Y,Y,,0,1,,,,1,1,HAP,1
191300,"Dibenzo[a,l]Pyrene",Polycyclic Organic Matter as non-15 PAH,C24H14,302.38,Y,11/26/2001 11:02,Y,Y,,0,0,,,,1,1,HAP,1
192654,"Dibenzo[a,e]Pyrene",Polycyclic Organic Matter as non-15 PAH,C24H14,302.38,Y,11/26/2001 11:02,Y,Y,,0,0,,,,1,1,HAP,1
192972,Benzo[e]Pyrene,Polycyclic Organic Matter as non-15 PAH,C20H12,252.32,Y,11/26/2001 11:02,Y,Y,,0,0,,,,1,1,HAP,1
193395,"Indeno[1,2,3-c,d]Pyrene",Polycyclic Organic Matter as 7-PAH,C22H12,276.34,Y,11/26/2001 11:02,Y,Y,,1,1,,,,1,1,HAP,1
19408743,"1,2,3,7,8,9-Hexachlorodibenzo-p-Dioxin","Dioxins/Furans as 2,3,7,8-TCDD TEQs",C12H2Cl6O2,390.86,Y,11/26/2001 11:02,Y,Y,,1,1,0.1,0.1,0.1,0,1,HAP,1
195,Lead & Compounds,Lead Compounds,,,Y,11/26/2001 11:02,Y,Y,,1,1,,,,0,1,HAP,2
195197,Benzo(c)phenanthrene,Polycyclic Organic Matter as non-15 PAH,C8H12,108.18,Y,9/19/2002 11:29,Y,Y,,0,0,,,,1,1,HAP,1
198,Manganese & Compounds,Manganese Compounds,,,Y,11/26/2001 11:02,Y,Y,,1,1,,,,0,1,HAP,2
198550,Perylene,Polycyclic Organic Matter as non-15 PAH,C20H12,252.32,Y,11/26/2001 11:02,Y,Y,,0,0,,,,1,1,HAP,1
199,Mercury & Compounds,Mercury Compounds,,,Y,11/26/2001 11:02,Y,Y,,1,1,,,,0,1,HAP,2
200,Elemental Gaseous Mercury,Mercury Compounds,,,Y,9/19/2002 11:29,Y,Y,,1,1,,,,0,1,HAP,1
201,Gaseous Divalent Mercury,Mercury Compounds,,,Y,9/19/2002 11:29,Y,Y,,1,1,,,,0,1,HAP,1
202,Particulate Divalent Mercury,Mercury Compounds,,,Y,9/19/2002 11:29,Y,Y,,1,1,,,,0,1,HAP,1
203123,"Benzo(g,h,i)Fluoranthene",Polycyclic Organic Matter as non-15 PAH,C18H10,226.28,Y,9/19/2002 11:29,Y,Y,,0,0,,,,1,1,HAP,1
203338,Benzo(a)fluoranthene,Polycyclic Organic Matter as non-15 PAH,C18H10,226.28,Y,9/19/2002 11:29,Y,Y,,0,0,,,,1,1,HAP,1
205823,B[j]Fluoranthen,Polycyclic Organic Matter as non-15 PAH,C18H10,226.28,Y,11/26/2001 11:02,Y,Y,,0,0,,,,1,1,HAP,1
205992,Benzo[b]Fluoranthene,Polycyclic Organic Matter as 7-PAH,C18H10,226.28,Y,11/26/2001 11:02,Y,Y,,1,1,,,,1,1,HAP,1
206440,Fluoranthene,Polycyclic Organic Matter as 15-PAH,C16H10,202.26,Y,11/26/2001 11:02,Y,Y,,0,1,,,,1,1,HAP,1
20706256,2-Propoxyethyl Acetate,Glycol Ethers,C7H14O3,146.19,Y,11/26/2001 11:02,Y,Y,,0,0,,,,1,1,HAP,1
207089,Benzo[k]Fluoranthene,Polycyclic Organic Matter as 7-PAH,C18H10,226.28,Y,11/26/2001 11:02,Y,Y,,1,1,,,,1,1,HAP,1
208968,Acenaphthylene,Polycyclic Organic Matter as 15-PAH,C12H8,152.2,Y,11/26/2001 11:02,Y,Y,,0,1,,,,1,1,HAP,1
21679312,Chromium(III) acetylacetonate,Chromium Compounds,C15H21CrO6,349.32,Y,5/5/2004 10:07,N,Y,The pollutant was added.  This pollutant was used in the 1999 NTI.,1,1,,,,0,1,HAP,1
218019,Chrysene,Polycyclic Organic Matter as 7-PAH,C18H12,228.29,Y,11/26/2001 11:02,Y,Y,,1,1,,,,1,1,HAP,1
2223930,Cadmium Stearate,Cadmium Compounds,Cd(C18H36O2)2,681.38,Y,5/9/2005,N,N,Added per request North Carolina.,1,1,,,,0,1,HAP,1
224420,"Dibenzo[a,j]Acridine",Polycyclic Organic Matter as non-15 PAH,C21H14N,279.35,Y,11/26/2001 11:02,Y,Y,,0,0,,,,1,1,HAP,1
226,Nickel & Compounds,Nickel Compounds,,,Y,11/26/2001 11:02,Y,Y,,1,1,,,,0,1,HAP,2
22967926,Mercury (Organic),Mercury Compounds,,,Y,11/26/2001 11:02,Y,Y,,1,1,,,,0,1,HAP,1
234,"PAH, Total",Polycyclic Organic Matter as 7-PAH,,,N,5/5/2004 10:07,Y,N,The pollutant is no longer active.  The correct pollutant code is 130498292.,1,1,,,,1,1,HAP,
23436193,1-Isobutoxy-2-Propanol,Glycol Ethers,C7H16O2,132.2,Y,11/26/2001 11:02,Y,Y,,0,0,,,,1,1,HAP,1
23495127,Ethyleneglycol Monophenyl Ether Propionate,Glycol Ethers,C11H14O3,194.23,Y,11/26/2001 11:02,Y,Y,,0,0,,,,1,1,HAP,1
236,Pentachlorodibenzo-p-Dioxin,,,,N,9/19/2002 0:00,Y,N,,0,0,,,,0,0,,
237,Pentachlorodibenzofuran,,,,N,9/19/2002 0:00,Y,N,,0,0,,,,0,0,,
2381160,9-Methylbenz(a)Anthracene,Polycyclic Organic Matter as non-15 PAH,C19H14,242.32,Y,11/14/2005 3:37,N,Y,"The pollutant code was changed, but the pollutant name remained the same.",0,0,,,,1,1,HAP,1
2381217,1-Methylpyrene,Polycyclic Organic Matter as non-15 PAH,C17H12,216.28,Y,9/19/2002 11:29,Y,Y,,0,0,,,,1,1,HAP,1
2422799,12-Methylbenz(a)Anthracene,Polycyclic Organic Matter as non-15 PAH,C19H14,242.32,Y,3/13/2003 9:14,N,Y,,0,0,,,,1,1,HAP,1
24267569,Iodine-131,Radionuclides (Including Radon),,,N,5/5/2004 10:07,Y,N,The pollutant is no longer active.  The correct pollutant code is 10043660.,0,0,,,,0,0,,
246,Polycyclic Organic Matter,Polycyclic Organic Matter as 7-PAH,,,Y,11/26/2001 11:02,Y,Y,,1,1,,,,1,1,HAP,1
247,Methylbenzopyrenes,Polycyclic Organic Matter as non-15 PAH,,,N,5/5/2004 10:07,Y,N,The pollutant is no longer active.  The correct pollutant code is 65357699.,0,0,,,,1,1,HAP,
248,Methylchrysene,Polycyclic Organic Matter as non-15 PAH,,,N,5/5/2004 10:07,Y,N,The pollutant is no longer active.  The correct pollutant code is 41637905.,0,0,,,,1,1,HAP,
249,15-PAH,Polycyclic Organic Matter as 15-PAH,,,Y,9/8/2005,N,N,Added per request of EPA to accommodate 15PAH in Nonpoint db.,0,1,,,,0,1,HAP,1
253,Selenium & Compounds,Selenium Compounds,,,Y,11/26/2001 11:02,Y,Y,,0,0,,,,0,1,HAP,2
262,Tetrachlorodibenzo-p-Dioxin,,,,N,9/19/2002 0:00,Y,N,,0,0,,,,0,0,,
262124,Dibenzo-p-Dioxin,"Dioxins/Furans (total, non TEQ)",C12H8O2,184.19,Y,9/19/2002 11:29,Y,Y,,1,1,,,,0,1,HAP,1
263,Tetrachlorodibenzofuran,,,,N,9/19/2002 0:00,Y,N,,0,0,,,,0,0,,
26914181,Methylanthracene,Polycyclic Organic Matter as non-15 PAH,C15H12,192.26,Y,9/19/2002 11:29,Y,Y,,0,0,,,,1,1,HAP,1
27253287,Lead Neodecanoate,Lead Compounds,C10H20O2.xPb,,Y,11/26/2001 11:02,Y,Y,,1,1,,,,0,1,HAP,1
27310210,"2-(2,4-Hexadienyloxy)Ethanol",Glycol Ethers,C8H14O2,142.2,Y,11/26/2001 11:02,Y,Y,,0,0,,,,1,1,HAP,1
2807309,Propyl Cellosolve,Glycol Ethers,C5H12O2,104.15,Y,11/26/2001 11:02,Y,Y,,0,0,,,,1,1,HAP,1
283,1-Phenanthrene,,,,N,9/19/2002 0:00,Y,N,,0,0,,,,0,0,,
284,Extractable Organic Matter (EOM),Polycyclic Organic Matter as non-15 PAH,,,Y,11/26/2001 11:02,Y,Y,,0,0,,,,1,1,HAP,1
2921882,Phosphorothioic Acid,Phosphorus Compounds,,,N,5/5/2004 10:07,Y,N,The pollutant is no longer active.,0,0,,,,0,1,HAP,
301042,Lead Acetate,Lead Compounds,Pb(C2H4O2)2,327.3,Y,11/26/2001 11:02,Y,Y,,1,1,,,,0,1,HAP,1
302012,Hydrazine,Hydrazine,H4N2,32.05,Y,11/26/2001 11:02,Y,Y,,1,1,,,,0,0,HAP,1
30402143,Total Tetrachlorodibenzofuran,"Dioxins/Furans (total, non TEQ)",C12H4Cl4O,305.98,Y,9/19/2002 11:29,Y,Y,,1,1,,,,0,1,HAP,1
30402154,Total Pentachlorodibenzofuran,"Dioxins/Furans (total, non TEQ)",C12H3Cl5O,340.42,Y,11/26/2001 11:02,Y,Y,,1,1,,,,0,1,HAP,1
3121617,Methyl Cellosolve Acrylate,Glycol Ethers,C6H10O3,130.14,Y,11/26/2001 11:02,Y,Y,,0,0,,,,1,1,HAP,1
3141126,Arsenous Acid,Arsenic Compounds(Inorganic Including Arsine),C6H15AsO3,210.1,Y,3/13/2003 9:14,N,Y,,1,1,,,,0,1,HAP,1
3268879,Octachlorodibenzo-p-Dioxin,"Dioxins/Furans as 2,3,7,8-TCDD TEQs",C12Cl8O2,459.76,Y,11/26/2001 11:02,Y,Y,,1,1,1.00E-03,1.00E-04,1.00E-03,0,1,HAP,1
331,"Cresols (Includes o, m, & p)/Cresylic Acids",Cresol/Cresylic Acid (Mixed Isomers),,,N,5/5/2004 10:07,Y,N,The pollutant is no longer active.  The correct pollutant code is 1319773.,0,0,,,,1,1,HAP,
3333393,Nickel Carbonate,Nickel Compounds,,,N,5/5/2004 10:07,Y,N,The pollutant is no longer active.  The correct pollutant code is 3333673.,1,1,,,,0,1,,
3333673,Nickel Carbonate,Nickel Compounds,NICH2O3,120.72,Y,5/5/2004 10:07,N,Y,The pollutant was added.  This replaces the code 3333393.,1,1,,,,0,1,HAP,1
334883,Diazomethane,Diazomethane,CH2N2,42.05,Y,11/26/2001 11:02,Y,Y,,0,0,,,,1,0,HAP,1
34465468,Hexachlorodibenzo-p-Dioxin,"Dioxins/Furans (total, non TEQ)",C12H2Cl6O2,390.86,Y,11/26/2001 11:02,Y,Y,,1,1,,,,0,1,HAP,1
34590948,Dipropylene Glycol Monomethyl Ether,Glycol Ethers,,,N,9/19/2002 0:00,Y,N,,0,0,,,,0,0,,
35822469,"1,2,3,4,6,7,8-Heptachlorodibenzo-p-Dioxin","Dioxins/Furans as 2,3,7,8-TCDD TEQs",C12HCl7O2,425.31,Y,11/26/2001 11:02,Y,Y,,1,1,0.1,0.01,0.01,0,1,HAP,1
36088229,Total Pentachlorodibenzo-p-Dioxin,"Dioxins/Furans (total, non TEQ)",C12H3Cl5O2,356.42,Y,11/26/2001 11:02,Y,Y,,1,1,,,,0,1,HAP,1
3697243,5-Methylchrysene,Polycyclic Organic Matter as non-15 PAH,C19H14,242.32,Y,11/26/2001 11:02,Y,Y,,0,0,,,,1,1,HAP,1
37187647,Gold Cyanide,Cyanide Compounds,AuCN,222.98,Y,11/26/2001 11:02,Y,Y,,0,0,,,,0,1,HAP,1
373024,Nickel Acetate,Nickel Compounds,Ni(C2H4O2)2,178.8,Y,11/26/2001 11:02,Y,Y,,1,1,,,,0,1,HAP,1
3775857,"Ethylene Glycol Bis(2,3-Epoxy-2-Methylpropyl) Ether",Glycol Ethers,C10H18O4,202.25,Y,11/26/2001 11:02,Y,Y,,0,0,,,,1,1,HAP,1
37871004,Total Heptachlorodibenzo-p-Dioxin,"Dioxins/Furans (total, non TEQ)",C12HCl7O2,425.31,Y,11/26/2001 11:02,Y,Y,,1,1,,,,0,1,HAP,1
383,Fine Mineral Fibers,Fine Mineral Fibers,,,Y,11/26/2001 11:02,Y,Y,,0,0,,,,0,1,HAP,2
38998753,Total Heptachlorodibenzofuran,"Dioxins/Furans (total, non TEQ)",C12HCl7O,409.31,Y,11/26/2001 11:02,Y,Y,,1,1,,,,0,1,HAP,1
39001020,Octachlorodibenzofuran,"Dioxins/Furans as 2,3,7,8-TCDD TEQs",C12Cl8O,443.76,Y,11/26/2001 11:02,Y,Y,,1,1,1.00E-03,1.00E-04,1.00E-03,0,1,HAP,1
39227286,"1,2,3,4,7,8-Hexachlorodibenzo-p-Dioxin","Dioxins/Furans as 2,3,7,8-TCDD TEQs",C12H2Cl6O2,390.86,Y,11/26/2001 11:02,Y,Y,,1,1,0.1,0.1,0.1,0,1,HAP,1
398,Phosphorus & Compounds,Phosphorus Compounds,,,N,5/5/2004 10:07,Y,N,The pollutant is no longer active.,0,0,,,,0,1,HAP,
40,16-PAH,Polycyclic Organic Matter as non-15 PAH,,,Y,11/26/2001 11:02,Y,Y,,0,1,,,,1,1,HAP,1
400,Radionuclides (Including Radon),Radionuclides (Including Radon),,,Y,11/26/2001 11:02,Y,Y,,0,0,,,,0,0,HAP,1
40321764,"1,2,3,7,8-Pentachlorodibenzo-p-Dioxin","Dioxins/Furans as 2,3,7,8-TCDD TEQs",C12H3Cl5O2,356.42,Y,11/26/2001 11:02,Y,Y,,1,1,0.5,1,0.5,0,1,HAP,1
41637905,Methylchrysene,Polycyclic Organic Matter as non-15 PAH,C19H14,242.32,Y,5/5/2004 10:07,N,Y,The pollutant was added.  This replaces the code 248.,0,0,,,,1,1,HAP,1
41903575,Total Tetrachlorodibenzo-p-Dioxin,"Dioxins/Furans (total, non TEQ)",C12H4Cl4O2,321.97,Y,11/26/2001 11:02,Y,Y,,1,1,,,,0,1,HAP,1
4206615,Diethylene Glycol Diglycidyl Ether,Glycol Ethers,C10H18O5,218.25,Y,11/26/2001 11:02,Y,Y,,0,0,,,,1,1,HAP,1
42397648,"1,6-Dinitropyrene",Polycyclic Organic Matter as non-15 PAH,C16H8N2O4,292.25,Y,11/26/2001 11:02,Y,Y,,0,0,,,,1,1,HAP,1
42397659,"1,8-Dinitropyrene",Polycyclic Organic Matter as non-15 PAH,C16H8N2O4,292.25,Y,11/26/2001 11:02,Y,Y,,0,0,,,,1,1,HAP,1
4246519,Diethylene Glycol Di(3-Aminopropyl) Ether,Glycol Ethers,,,N,9/19/2002 0:00,Y,N,,0,0,,,,0,0,,
4439241,Isobutyl Cellosolve,Glycol Ethers,C6H14O2,118.18,Y,11/26/2001 11:02,Y,Y,,0,0,,,,1,1,HAP,1
463581,Carbonyl Sulfide,Carbonyl Sulfide,COS,60.08,Y,11/26/2001 11:02,Y,Y,,0,0,,,,1,0,HAP,1
50000,Formaldehyde,Formaldehyde, CH2O,30.03,Y,11/26/2001 11:02,Y,Y,,1,1,,,,1,0,HAP,1
50328,Benzo[a]Pyrene,Polycyclic Organic Matter as 7-PAH,C20H12,252.32,Y,11/26/2001 11:02,Y,Y,,1,1,,,,1,1,HAP,1
506649,Silver Cyanide,Cyanide Compounds,AgCN,133.89,Y,11/26/2001 11:02,Y,Y,,0,0,,,,0,1,HAP,1
50922297,Zinc Chromite,Chromium Compounds,ZnCr2O4,233.37,Y,11/26/2001 11:02,Y,Y,,1,1,,,,0,1,HAP,1
510156,Chlorobenzilate,Chlorobenzilate,C16H14Cl2O3,325.19,Y,11/26/2001 11:02,Y,Y,,0,0,,,,1,1,HAP,1
51207319,"2,3,7,8-Tetrachlorodibenzofuran","Dioxins/Furans as 2,3,7,8-TCDD TEQs",C12H4Cl4O,305.98,Y,11/26/2001 11:02,Y,Y,,1,1,0.1,0.1,0.1,0,1,HAP,1
51285,"2,4-Dinitrophenol","2,4-Dinitrophenol",C6H4N2O5,184.11,Y,11/26/2001 11:02,Y,Y,,0,0,,,,1,1,HAP,1
513791,Cobalt Carbonate 1:1,,,,N,9/19/2002 0:00,Y,N,,0,0,,,,0,0,,
51796,Ethyl Carbamate Chloride,Ethyl Carbamate (Urethane) Chloride (Chloroethane),C3H7NO2,89.09,Y,11/26/2001 11:02,Y,Y,,0,0,,,,0,1,HAP,1
532274,2-Chloroacetophenone,2-Chloroacetophenone,C8H7ClO,154.6,Y,11/26/2001 11:02,Y,Y,,0,0,,,,1,1,HAP,1
534156,"1,1-Dimethoxyethane",,,,N,9/19/2002 0:00,Y,N,,0,0,,,,0,0,,
534521,"4,6-Dinitro-o-Cresol","4,6-Dinitro-o-Cresol (Including Salts)",C7H6N2O5,198.04,Y,11/26/2001 11:02,Y,Y,,0,0,,,,0,1,HAP,1
53703,"Dibenzo[a,h]Anthracene",Polycyclic Organic Matter as 7-PAH,C22H14,278.35,Y,11/26/2001 11:02,Y,Y,,1,1,,,,1,1,HAP,1
53963,2-Acetylaminofluorene,2-Acetylaminofluorene,C15H13NO,223.27,Y,11/26/2001 11:02,Y,Y,,0,0,,,,1,1,HAP,1
540841,"2,2,4-Trimethylpentane","2,2,4-Trimethylpentane",C8H18,114.23,Y,11/26/2001 11:02,Y,Y,,0,0,,,,1,0,HAP,1
540885,Tert-butyl Acetate,Ter-butyl Acetate,C6H12O2,116.16,Y,5/9/2005,N,N,Added per request North Carolina. Not a HAP or CAP.,0,0,,,,0,0,OTH,1
541,"Benzo(g,h,i)Fluoranthene",,,,N,9/19/2002 0:00,Y,N,,0,0,,,,0,0,,
542756,"1,3-Dichloropropene","1,3-Dichloropropene",C3H4Cl2,110.97,Y,11/26/2001 11:02,Y,Y,,1,1,,,,1,1,HAP,1
542881,Bis(Chloromethyl)Ether,Bis(Chloromethyl) Ether,C2H4Cl2O,114.96,Y,11/26/2001 11:02,Y,Y,,0,0,,,,1,0,HAP,1
543908,Cadmium acetate,Cadmium Compounds,Cd(C2H4O2)2,232.52,Y,9/7/2004 13:06,N,Y,pollutant added with NC data.,1,1,,,,0,1,HAP,1
544923,Copper Cyanide,Cyanide Compounds,CuCN,89.56,Y,11/26/2001 11:02,Y,Y,,0,0,,,,0,1,HAP,1
5522430,1-Nitropyrene,Polycyclic Organic Matter as non-15 PAH,C16H9NO2,247.25,Y,11/26/2001 11:02,Y,Y,,0,0,,,,1,1,HAP,1
554074,Gold Potassium Cyanide,Cyanide Compounds,,,N,5/5/2004 10:07,Y,N,The pollutant is no longer active.  The correct pollutant code is 13967505.,0,0,,,,0,1,,
55673897,"1,2,3,4,7,8,9-Heptachlorodibenzofuran","Dioxins/Furans as 2,3,7,8-TCDD TEQs",C12HCl7O,409.31,Y,11/26/2001 11:02,Y,Y,,1,1,0.01,0.01,0.01,0,1,HAP,1
55684941,Total Hexachlorodibenzofuran,"Dioxins/Furans (total, non TEQ)",C12H2Cl6O,374.86,Y,11/26/2001 11:02,Y,Y,,1,1,,,,0,1,HAP,1
557211,Zinc Cyanide,Cyanide Compounds,ZnC2N2,117.43,Y,11/26/2001 11:02,Y,Y,,0,0,,,,0,1,HAP,1
55722275,Total Tetrachlorodibenzofuran,,,,N,9/19/2002 0:00,Y,N,,0,0,,,,0,0,,
56235,Carbon Tetrachloride,Carbon Tetrachloride,CCl4,153.82,Y,11/26/2001 11:02,Y,Y,,1,1,,,,1,0,HAP,1
56382,Parathion,Parathion,C10H14NO5PS,291.27,Y,11/26/2001 11:02,Y,Y,,0,0,,,,1,1,HAP,1
56495,3-Methylcholanthrene,Polycyclic Organic Matter as non-15 PAH,C21H16,268.36,Y,11/26/2001 11:02,Y,Y,,0,0,,,,1,1,HAP,1
56553,Benz[a]Anthracene,Polycyclic Organic Matter as 7-PAH,C18H12,228.29,Y,11/26/2001 11:02,Y,Y,,1,1,,,,1,1,HAP,1
56832736,Benzofluoranthenes,Polycyclic Organic Matter as 7-PAH,C18H10,226.28,Y,9/19/2002 11:29,Y,Y,,1,1,,,,1,1,HAP,1
57117314,"2,3,4,7,8-Pentachlorodibenzofuran","Dioxins/Furans as 2,3,7,8-TCDD TEQs",C12H3Cl5O,340.42,Y,11/26/2001 11:02,Y,Y,,1,1,0.5,0.5,0.5,0,1,HAP,1
57117416,"1,2,3,7,8-Pentachlorodibenzofuran","Dioxins/Furans as 2,3,7,8-TCDD TEQs",C12H3Cl5O,340.42,Y,11/26/2001 11:02,Y,Y,,1,1,0.05,0.05,0.05,0,1,HAP,1
57117449,"1,2,3,6,7,8-Hexachlorodibenzofuran","Dioxins/Furans as 2,3,7,8-TCDD TEQs",C12H2Cl6O,374.86,Y,11/26/2001 11:02,Y,Y,,1,1,0.1,0.1,0.1,0,1,HAP,1
57125,Cyanide,Cyanide Compounds,CN,26.02,Y,11/26/2001 11:02,Y,Y,,0,0,,,,0,1,HAP,1
57147,"1,1-Dimethyl Hydrazine","1,1-Dimethylhydrazine",C2H8N2,60.1,Y,11/26/2001 11:02,Y,Y,,0,0,,,,1,0,HAP,1
57578,Beta-Propiolactone,Beta-Propiolactone,C3H4O2,72.06,Y,11/26/2001 11:02,Y,Y,,0,0,,,,1,0,HAP,1
57653857,"1,2,3,6,7,8-Hexachlorodibenzo-p-Dioxin","Dioxins/Furans as 2,3,7,8-TCDD TEQs",C12H2Cl6O2,390.86,Y,11/26/2001 11:02,Y,Y,,1,1,0.1,0.1,0.1,0,1,HAP,1
57749,Chlordane,Chlordane,C10H6Cl8,409.8,Y,11/26/2001 11:02,Y,Y,,0,0,,,,1,1,HAP,1
57976,"7,12-Dimethylbenz[a]Anthracene",Polycyclic Organic Matter as non-15 PAH,C20H16,256.35,Y,11/26/2001 11:02,Y,Y,,0,0,,,,1,1,HAP,1
584849,"2,4-Toluene Diisocyanate","2,4-Toluene Diisocyanate",C9H6N2O2,174.16,Y,11/26/2001 11:02,Y,Y,,0,0,,,,1,1,HAP,1
58899,"1,2,3,4,5,6-Hexachlorocyclyhexane","1,2,3,4,5,6-Hexachlorocyclyhexane (All Stereo Isomers, Including Lindane)",C6H6Cl6,290.83,Y,11/26/2001 11:02,Y,Y,,0,0,,,,0,1,HAP,1
593602,Vinyl Bromide,Vinyl Bromide,C2H3Br,106.95,Y,11/26/2001 11:02,Y,Y,,0,0,,,,1,0,HAP,1
593748,Methyl Mercury,Mercury Compounds,HgC2H6,230.66,Y,11/26/2001 11:02,Y,Y,,1,1,,,,0,1,HAP,1
598630,Lead Carbonate,Lead Compounds,PbCH2O3,269.23,Y,11/26/2001 11:02,Y,Y,,1,1,,,,0,1,HAP,1
59892,N-Nitrosomorpholine,N-Nitrosomorpholine,C4H8N2O2,116.11,Y,11/26/2001 11:02,Y,Y,,0,0,,,,1,0,HAP,1
600,"2,3,7,8-TCDD TEQ","Dioxins/Furans as 2,3,7,8-TCDD TEQs",,,Y,11/26/2001 11:02,Y,Y,,1,1,1,1,1,0,1,HAP,1
601,Arsenic Compounds (Inorganic),,,,N,9/19/2002 0:00,Y,N,,0,0,,,,0,0,,
60117,4-Dimethylaminoazobenzene,4-Dimethylaminoazobenzene,C14H15N3,225.29,Y,11/26/2001 11:02,Y,Y,,0,0,,,,1,0,HAP,1
6018899,Nickel Diacetate TET,Nickel Compounds,Ni(C4H6O4).4H2O,248.84,Y,11/26/2001 11:02,Y,Y,,1,1,,,,0,1,HAP,1
602,Lead Compounds (Inorganic),Lead Compounds,,,Y,11/26/2001 11:02,Y,Y,,1,1,,,,0,1,HAP,2
603,Lead Compounds (Other Than Inorganic),Lead Compounds,,,Y,11/26/2001 11:02,Y,Y,,1,1,,,,0,1,HAP,2
60344,Methylhydrazine,Methylhydrazine,CH6N2,46.07,Y,11/26/2001 11:02,Y,Y,,0,0,,,,1,0,HAP,1
60355,Acetamide,Acetamide,C2H5NO,59.07,Y,11/26/2001 11:02,Y,Y,,0,0,,,,1,1,HAP,1
604,Nickel Refinery Dust,Nickel Compounds,,,Y,11/26/2001 11:02,Y,Y,,1,1,,,,0,1,HAP,1
605,Radionuclides,Radionuclides (Including Radon),,,Y,11/26/2001 11:02,Y,Y,,0,0,,,,0,0,HAP,1
606,Radon And Its Decay Products,Radionuclides (Including Radon),,,Y,11/26/2001 11:02,Y,Y,,0,0,,,,0,0,HAP,1
607578,2-Nitrofluorene,Polycyclic Organic Matter as non-15 PAH,C13H9NO2,211.22,Y,11/26/2001 11:02,Y,Y,,0,0,,,,1,1,HAP,1
608,Ceramic Fibers (Man-Made),Fine Mineral Fibers,,,Y,11/26/2001 11:02,Y,Y,,0,0,,,,0,1,HAP,1
60851345,"2,3,4,6,7,8-Hexachlorodibenzofuran","Dioxins/Furans as 2,3,7,8-TCDD TEQs",C12H2Cl6O,374.86,Y,11/26/2001 11:02,Y,Y,,1,1,0.1,0.1,0.1,0,1,HAP,1
609,Dibenzofurans (Chlorinated) {PCDFs},"Dioxins/Furans (total, non TEQ)",,,N,5/5/2004 10:07,Y,N,The pollutant is no longer active.  The correct pollutant code is 136677106.,1,1,,,,0,1,HAP,
610,"Dioxins, Total, w/o Individ. Isomers Reported {PCDDs}","Dioxins/Furans (total, non TEQ)",,,N,5/5/2004 10:07,Y,N,The pollutant is no longer active.  The correct pollutant code is 136677093.,1,1,,,,0,1,HAP,
613,Glasswool (Man-Made Fibers),Fine Mineral Fibers,,,Y,11/26/2001 11:02,Y,Y,,0,0,,,,0,1,HAP,1
616,Slagwool (Man-Made Fibers),Fine Mineral Fibers,,,Y,11/26/2001 11:02,Y,Y,,0,0,,,,0,1,HAP,1
617,Rockwool (Man-Made Fibers),Fine Mineral Fibers,,,Y,11/26/2001 11:02,Y,Y,,0,0,,,,0,1,HAP,1
61789513,Cobalt Naphtha,Cobalt Compounds,Co(C11H10O2)2,407,Y,11/26/2001 11:02,Y,Y,,0,0,,,,0,1,HAP,1
61790145,Lead Naphthenate,Lead Compounds,[(CH2)nCO2]2Pb,1578.52,Y,11/26/2001 11:02,Y,Y,,1,1,,,,0,1,HAP,1
618,Cobalt Hydrocarbonyl,Cobalt Compounds,,,N,5/5/2004 10:07,Y,N,The pollutant is no longer active.  The correct pollutant code is 16842038.,0,0,,,,0,1,,
619,Antimony Pentafluoride,,,,N,9/19/2002 0:00,Y,N,,0,0,,,,0,0,,
620,Lead Dioxide,Lead Compounds,,,N,5/5/2004 10:07,Y,N,The pollutant is no longer active.  The correct pollutant code is 1309600.,1,1,,,,0,1,,
621,Propylene Glycol T-Butyl Ether,,,,N,9/19/2002 0:00,Y,N,,0,0,,,,0,0,,
622,"Hexachlorodibenzo-p-Dioxins, Total","Dioxins/Furans (total, non TEQ)",,,N,5/5/2004 10:07,Y,N,The pollutant is no longer active.  The correct pollutant code is 34465468.,1,1,,,,0,1,HAP,
622082,Ethylene Glycol Monobenzyl Ether,Glycol Ethers,C9H12O2,152.19,Y,5/5/2004 10:07,N,Y,This pollutant was the correction for 662082.,0,0,,,,1,1,HAP,1
623,"Polychlorinated Dibenzo-p-Dioxins, Total","Dioxins/Furans (total, non TEQ)",,,N,5/5/2004 10:07,Y,N,The pollutant is no longer active.  The correct pollutant code is 136677093.,1,1,,,,0,1,HAP,
62384,Mercury Acetato Phen,Mercury Compounds,C8H8HgO2,336.74,Y,11/26/2001 11:02,Y,Y,,1,1,,,,0,1,HAP,1
624,"Polychlorinated Dibenzofurans, Total","Dioxins/Furans (total, non TEQ)",,,N,5/5/2004 10:07,Y,N,The pollutant is no longer active.  The correct pollutant code is 136677106.,1,1,,,,0,1,HAP,
624839,Methyl Isocyanate,Methyl Isocyanate,C2H3NO,57.05,Y,11/26/2001 11:02,Y,Y,,0,0,,,,1,0,HAP,1
625,Naphthenes (Cyclo),Naphthenes (Cyclo),,,N,7/13/2005,Y,N,This pollutant is not a POM and not a HAP; deactivate.,0,0,,,,1,1,HAP,1
62533,Aniline,Aniline,C6H7N,93.13,Y,11/26/2001 11:02,Y,Y,,0,0,,,,1,0,HAP,1
626,"Dioxins/Furans as 2,3,7,8-TCDD TEQs -I/89","Dioxins/Furans as 2,3,7,8-TCDD TEQs -I/89",,,Y,9/7/2004 13:06,N,Y,pollutant code added for Texas nonpoint data,1,1,,,1,0,1,HAP,1
627,"Dioxins/Furans as 2,3,7,8-TCDD TEQs - WHO/98","Dioxins/Furans as 2,3,7,8-TCDD TEQs - WHO/98",,,Y,9/7/2004 13:06,N,Y,pollutant code added for Texas nonpoint data,1,1,,1,,0,1,HAP,1
62737,Dichlorvos,Dichlorvos,C4H7Cl2O4P,220.98,Y,11/26/2001 11:02,Y,Y,,0,0,,,,1,0,HAP,1
62759,N-Nitrosodimethylamine,N-Nitrosodimethylamine,C2H6N2O,74.08,Y,11/26/2001 11:02,Y,Y,,0,0,,,,1,0,HAP,1
629141,Ethylene Glycol Diethyl Ether,Glycol Ethers,C6H14O2,118.18,Y,11/26/2001 11:02,Y,Y,,0,0,,,,1,1,HAP,1
63252,Carbaryl,Carbaryl,C12H11NO2,201.22,Y,11/26/2001 11:02,Y,Y,,0,0,,,,0,1,HAP,1
64675,Diethyl Sulfate,Diethyl Sulfate,C4H10SO4,154.19,Y,11/26/2001 11:02,Y,Y,,0,0,,,,1,0,HAP,1
65357699,Methylbenzopyrene,Polycyclic Organic Matter as non-15 PAH,C21H18,270.37,Y,5/5/2004 10:07,N,Y,The pollutant was added.  This replaces the code 247.,0,0,,,,1,1,HAP,1
662082,Ethylene Glycol Monobenzyl Ether,Glycol Ethers,,,N,5/5/2004 10:07,Y,N,The pollutant code was incorrect.  The correct code is 622082.,0,0,,,,1,1,,
67425,(Ethylenebis(Oxyethylenenitrilo)) Tetraacetic Acid,Glycol Ethers,C14H24N2O10,380.35,Y,11/26/2001 11:02,Y,Y,,0,0,,,,1,1,HAP,1
67561,Methanol,Methanol,CH3OH,32.04,Y,11/26/2001 11:02,Y,Y,,0,0,,,,1,0,HAP,1
67562394,"1,2,3,4,6,7,8-Heptachlorodibenzofuran","Dioxins/Furans as 2,3,7,8-TCDD TEQs",C12HCl7O,409.31,Y,11/26/2001 11:02,Y,Y,,1,1,0.01,0.01,0.01,0,1,HAP,1
67663,Chloroform,Chloroform,CHCl3,119.38,Y,11/26/2001 11:02,Y,Y,,1,1,,,,1,0,HAP,1
67721,Hexachloroethane,Hexachloroethane,C2Cl6,236.74,Y,11/26/2001 11:02,Y,Y,,0,0,,,,0,1,HAP,1
680319,Hexamethylphosphoramide,Hexamethylphosphoramide,C6H18N3OP,179.2,Y,11/26/2001 11:02,Y,Y,,0,0,,,,0,1,HAP,1
68122,"N,N-Dimethylformamide","N,N-Dimethylformamide",C3H7NO,73.09,Y,11/26/2001 11:02,Y,Y,,0,0,,,,1,0,HAP,1
684935,N-Nitroso-N-Methylurea,N-Nitroso-N-Methylurea,C2H5N3O2,103.08,Y,11/26/2001 11:02,Y,Y,,0,0,,,,1,1,HAP,1
693210,Diethylene Glycol Dinitrate,Glycol Ethers,C4H8N2O7,196.12,Y,11/26/2001 11:02,Y,Y,,0,0,,,,1,1,HAP,1
70648269,"1,2,3,4,7,8-Hexachlorodibenzofuran","Dioxins/Furans as 2,3,7,8-TCDD TEQs",C12H2Cl6O,374.86,Y,11/26/2001 11:02,Y,Y,,1,1,0.1,0.1,0.1,0,1,HAP,1
71432,Benzene,Benzene (Including Benzene From Gasoline),C6H6,78.11,Y,11/26/2001 11:02,Y,Y,,1,1,,,,1,0,HAP,1
71556,Methyl Chloroform,"Methyl Chloroform (1,1,1-Trichloroethane)",C2H3Cl3,133.4,Y,11/26/2001 11:02,Y,Y,,0,0,,,,0,0,HAP,1
72435,Methoxychlor,Methoxychlor,C16H15Cl3O2,345.65,Y,11/26/2001 11:02,Y,Y,,0,0,,,,1,1,HAP,1
72559,"Dde (1,1-Dichloro-2,2-Bis(p-Chlorophenyl) Ethylene)","Dde (1,1-Dichloro-2,2-Bis(p-  Chlorophenyl) Ethylene)",C14H8Cl4,318.03,Y,11/26/2001 11:02,Y,Y,,0,0,,,,1,1,HAP,1
72918219,"1,2,3,7,8,9-Hexachlorodibenzofuran","Dioxins/Furans as 2,3,7,8-TCDD TEQs",C12H2Cl6O,374.86,Y,11/26/2001 11:02,Y,Y,,1,1,0.1,0.1,0.1,0,1,HAP,1
7428480,Lead Stearate,Lead Compounds,C18H36O2.xPb,491.2,Y,11/26/2001 11:02,Y,Y,,1,1,,,,0,1,HAP,1
7439921,Lead,Lead Compounds,Pb,207.2,Y,11/26/2001 11:02,Y,Y,,1,1,,,,0,1,HAP,1
7439965,Manganese,Manganese Compounds,Mn,54.94,Y,11/26/2001 11:02,Y,Y,,1,1,,,,0,1,HAP,1
7439976,Mercury,Mercury Compounds,Hg,200.59,Y,11/26/2001 11:02,Y,Y,,1,1,,,,0,1,HAP,1
7440020,Nickel,Nickel Compounds,Ni,58.7,Y,11/26/2001 11:02,Y,Y,,1,1,,,,0,1,HAP,1
7440360,Antimony,Antimony Compounds,Sb,121.76,Y,11/26/2001 11:02,Y,Y,,0,0,,,,0,1,HAP,1
7440382,Arsenic,Arsenic Compounds(Inorganic Including Arsine),As,74.92,Y,11/26/2001 11:02,Y,Y,,1,1,,,,0,1,HAP,1
7440417,Beryllium,Beryllium Compounds,Be,9.01,Y,11/26/2001 11:02,Y,Y,,1,1,,,,0,1,HAP,1
7440439,Cadmium,Cadmium Compounds,Cd,112.41,Y,11/26/2001 11:02,Y,Y,,1,1,,,,0,1,HAP,1
7440473,Chromium,Chromium Compounds,Cr,52,Y,11/26/2001 11:02,Y,Y,,1,1,,,,0,1,HAP,1
7440484,Cobalt,Cobalt Compounds,Co,58.93,Y,11/26/2001 11:02,Y,Y,,0,0,,,,0,1,HAP,1
7440611,Uranium,Radionuclides (Including Radon),U,238.09,Y,3/13/2003 9:14,N,Y,,0,0,,,,0,0,HAP,1
7446084,Selenium Dioxide,Selenium Compounds,SeO2,110.96,Y,11/26/2001 11:02,Y,Y,,0,0,,,,0,1,HAP,1
7446142,Lead Sulfate,Lead Compounds,PbH2SO4,305.28,Y,11/26/2001 11:02,Y,Y,,1,1,,,,0,1,HAP,1
7446277,Lead Phosphate,Lead Compounds,Pb2(H3PO4)3,817.6,Y,11/26/2001 11:02,Y,Y,,1,1,,,,0,1,HAP,1
7446346,Selenium Monosulfide,Selenium Compounds,SeS,111.02,Y,11/26/2001 11:02,Y,Y,,0,0,,,,0,1,HAP,1
74839,Methyl Bromide,Methyl Bromide (Bromomethane),CH3Br,94.94,Y,11/26/2001 11:02,Y,Y,,0,0,,,,1,0,HAP,1
74873,Methyl Chloride,Methyl Chloride (Chloromethane),CH3Cl,50.49,Y,11/26/2001 11:02,Y,Y,,0,0,,,,1,0,HAP,1
7487947,Mercuric Chloride,Mercury Compounds,HgCl2,271.5,Y,11/26/2001 11:02,Y,Y,,1,1,,,,0,1,HAP,1
74884,Methyl Iodide,Methyl Iodide (Iodomethane),CH3I,141.94,Y,11/26/2001 11:02,Y,Y,,0,0,,,,1,0,HAP,1
7488564,Selenium Disulfide,Selenium Compounds,SeS2,143.09,Y,11/26/2001 11:02,Y,Y,,0,0,,,,0,1,HAP,1
74908,Hydrogen Cyanide,Cyanide Compounds,HCN,27.03,Y,11/26/2001 11:02,Y,Y,,0,0,,,,0,1,HAP,1
7496028,6-Nitrochrysene,Polycyclic Organic Matter as non-15 PAH,C18H11NO2,273.29,Y,11/26/2001 11:02,Y,Y,,0,0,,,,1,1,HAP,1
75,7-PAH,Polycyclic Organic Matter as 7-PAH,,,Y,11/26/2001 11:02,Y,Y,,1,1,,,,1,1,HAP,1
75003,Ethyl Chloride,Ethyl Chloride,C2H5Cl,64.51,Y,11/26/2001 11:02,Y,Y,,0,0,,,,1,0,HAP,1
75014,Vinyl Chloride,Vinyl Chloride,C2H3Cl,62.5,Y,11/26/2001 11:02,Y,Y,,1,1,,,,1,0,HAP,1
75058,Acetonitrile,Acetonitrile,C2H3N,41.05,Y,11/26/2001 11:02,Y,Y,,0,0,,,,1,0,HAP,1
75070,Acetaldehyde,Acetaldehyde,C2H4O,44.05,Y,11/26/2001 11:02,Y,Y,,1,1,,,,1,0,HAP,1
75092,Methylene Chloride,Methylene Chloride (Dichloromethane),CH2Cl2,84.93,Y,11/26/2001 11:02,Y,Y,,1,1,,,,0,0,HAP,1
75150,Carbon Disulfide,Carbon Disulfide,CS2,76.14,Y,11/26/2001 11:02,Y,Y,,0,0,,,,1,0,HAP,1
75218,Ethylene Oxide,Ethylene Oxide,C2H6O2,62.07,Y,11/26/2001 11:02,Y,Y,,1,1,,,,1,0,HAP,1
75252,Bromoform,Bromoform,CHBr3,252.73,Y,11/26/2001 11:02,Y,Y,,0,0,,,,1,0,HAP,1
7529273,Ethylene Glycol Diallyl Ether,Glycol Ethers,C8H14O2,142.2,Y,11/26/2001 11:02,Y,Y,,0,0,,,,1,1,HAP,1
75343,"Ethylidene Dichloride (1,1-Dichloroethane)","Ethylidene Dichloride (1,1-Dichloroethane)",C2H4Cl2,98.96,Y,11/26/2001 11:02,Y,Y,,0,0,,,,1,0,HAP,1
75354,Vinylidene Chloride,"Vinylidene Chloride (1,1-Dichloroethylene)",C2H2Cl2,96.94,Y,11/26/2001 11:02,Y,Y,,0,0,,,,1,0,HAP,1
7542098,Cobalt Carbonate,Cobalt Compounds,CH2O3.xCo,120.93,Y,5/5/2004 10:07,N,Y,The pollutant was added.,0,0,,,,0,1,HAP,1
75445,Phosgene,Phosgene,CCl2O,98.92,Y,11/26/2001 11:02,Y,Y,,0,0,,,,1,0,HAP,1
7550450,Titanium Tetrachloride,Titanium Tetrachloride,TiCl4,189.68,Y,11/26/2001 11:02,Y,Y,,0,0,,,,0,1,HAP,1
75558,"1,2-Propylenimine","1,2-Propylenimine (2-Methylaziridine)",C3H7N,57.1,Y,11/26/2001 11:02,Y,Y,,0,0,,,,1,0,HAP,1
75569,Propylene Oxide,Propylene Oxide,C3H6O,58.08,Y,11/26/2001 11:02,Y,Y,,0,0,,,,1,0,HAP,1
76448,Heptachlor,Heptachlor,C10H5Cl7,373.34,Y,11/26/2001 11:02,Y,Y,,0,0,,,,1,1,HAP,1
764487,Ethylene Glycol Monovinyl Ether,Glycol Ethers,C4H8O2,88.11,Y,11/26/2001 11:02,Y,Y,,0,0,,,,1,1,HAP,1
7647010,Hydrochloric Acid,Hydrochloric Acid (Hydrogen Chloride [Gas Only]),HCl,36.46,Y,11/26/2001 11:02,Y,Y,,0,0,,,,0,0,HAP,1
764998,Diethylene Glycol Divinyl Ether,Glycol Ethers,C8H14O3,158.2,Y,11/26/2001 11:02,Y,Y,,0,0,,,,1,1,HAP,1
7664382,Phosphoric Acid,Phosphorus Compounds,,,N,5/5/2004 10:07,Y,N,The pollutant is no longer active.,0,0,,,,0,1,HAP,
7664393,Hydrogen Fluoride,Hydrogen Fluoride (Hydrofluoric Acid),HF,20.01,Y,11/26/2001 11:02,Y,Y,,0,0,,,,0,0,HAP,1
7718549,Nickel Chloride,Nickel Compounds,NiCl2,129.6,Y,11/26/2001 11:02,Y,Y,,1,1,,,,0,1,HAP,1
7719122,Phosphorus Trichloride,Phosphorus Compounds,,,N,5/5/2004 10:07,Y,N,The pollutant is no longer active.,0,0,,,,0,1,,
7722647,Potassium permanganate,Manganese Compounds,KHMnO4,159.04,Y,3/13/2003 9:14,N,Y,,1,1,,,,0,1,HAP,1
7723140,Phosphorus,Phosphorus,P,31,Y,11/26/2001 11:02,Y,Y,,0,0,,,,0,1,HAP,1
7738945,Chromic Acid (VI),Chromium Compounds,H2CrO4,118.01,Y,11/26/2001 11:02,Y,Y,,1,1,,,,0,1,HAP,1
77474,Hexachlorocyclopentadiene,Hexachlorocyclopentadiene,C5Cl6,272.77,Y,11/26/2001 11:02,Y,Y,,0,0,,,,1,1,HAP,1
7758976,Lead Chromate,Lead Compounds,PbCrH2O4,325.21,Y,11/26/2001 11:02,Y,Y,,1,1,,,,0,1,HAP,1
7775113,Sodium Chromate,Chromium Compounds,Na2(H2CrO4),163.99,Y,11/26/2001 11:02,Y,Y,,1,1,,,,0,1,HAP,1
77781,Dimethyl Sulfate,Dimethyl Sulfate,C2H6SO4,126.13,Y,11/26/2001 11:02,Y,Y,,0,0,,,,1,0,HAP,1
7778394,Arsenic Acid,Arsenic Compounds(Inorganic Including Arsine),AsH3O4,141.94,Y,5/5/2004 10:07,N,Y,The pollutant was added.  This replaces the code 1327522.,1,1,,,,0,1,HAP,1
7778509,Potassium Dichromate,Chromium Compounds,K2(Cr2H2O7),296.2,Y,11/26/2001 11:02,Y,Y,,1,1,,,,0,1,HAP,1
7779900,Zinc Phosphate,Phosphorus Compounds,,,N,5/5/2004 10:07,Y,N,The pollutant is no longer active.,0,0,,,,0,1,,
7782492,Selenium,Selenium Compounds,Se,78.96,Y,11/26/2001 11:02,Y,Y,,0,0,,,,0,1,HAP,1
7782505,Chlorine,Chlorine,Cl2,70.91,Y,11/26/2001 11:02,Y,Y,,0,0,,,,0,0,HAP,1
7783008,Selenous Acid,Selenium Compounds,SeH2O3,128.97,Y,3/13/2003 9:14,N,Y,,0,0,,,,0,1,HAP,1
7783064,Hydrogen Sulfide,H2S,H2S,34.08,Y,9/7/2004 13:06,N,Y,pollutant added to track H2S - not a HAP or CAP,0,0,,,,0,0,OTH,1
7783075,Hydrogen Selenide,Selenium Compounds,H2Se,80.98,Y,5/9/2005,N,N,Added per request North Carolina.,0,0,,,,0,1,HAP,1
7783166,Manganesehypophosphi,Manganese Compounds,3O2P.1/2H2O.1/2Mn,,Y,11/26/2001 11:02,Y,Y,,1,1,,,,0,1,HAP,1
7783702,Antimony Pentafluoride,Antimony Compounds,SbF5,216.75,Y,9/19/2002 11:29,Y,Y,,0,0,,,,0,1,HAP,1
7783791,Selenium Hexafluoride,Selenium Compounds,SeF6,192.95,Y,3/13/2003 9:14,N,Y,,0,0,,,,0,1,HAP,1
7784409,Lead Arsenate,Lead Compounds,PbAsH3O4,349.14,Y,11/26/2001 11:02,Y,Y,,1,1,,,,0,1,HAP,1
7784421,Arsine,Arsenic Compounds(Inorganic Including Arsine),AsH3,77.95,Y,11/26/2001 11:02,Y,Y,,1,1,,,,0,1,HAP,1
7785877,Manganese Sulfate,Manganese Compounds,MnH2SO4,153.02,Y,11/26/2001 11:02,Y,Y,,1,1,,,,0,1,HAP,1
7786814,Nickel Sulfate,Nickel Compounds,NiH2SO4,156.77,Y,11/26/2001 11:02,Y,Y,,1,1,,,,0,1,HAP,1
7787475,Beryllium Chloride,Beryllium Compounds,BeCl2,79.92,Y,5/9/2005,N,N,Added per request North Carolina.,1,1,,,,0,1,HAP,1
7787497,Beryllium Fluoride,Beryllium Compounds,BeF2,47.01,Y,11/26/2001 11:02,Y,Y,,1,1,,,,0,1,HAP,1
7788967,Chromyl Fluoride,Chromium Compounds,CrF2O2,121.99,Y,11/26/2001 11:02,Y,Y,,1,1,,,,0,1,HAP,1
7788989,Ammonium chromate,Chromium Compounds,(NH3)2(CrH2O4),152.07,Y,9/7/2004 13:06,N,Y,pollutant added with NC data.,1,1,,,,0,1,HAP,1
7789006,Potassium Chromate,Chromium Compounds,K2CrH2O4,196.21,Y,11/26/2001 11:02,Y,Y,,1,1,,,,0,1,HAP,1
7789062,Strontium Chromate,Chromium Compounds,Sr(CrH2O4),205.63,Y,11/26/2001 11:02,Y,Y,,1,1,,,,0,1,HAP,1
7789095,Ammonium Dichromate,Chromium Compounds,(NH3)2Cr2H2O7,252.07,Y,11/26/2001 11:02,Y,Y,,1,1,,,,0,1,HAP,1
7789120,"Chromic acid (H2Cr2O7), disodium salt, dyhydrate",Chromium Compounds,Na2(Cr2H2O7)(H2O)2,300.01,Y,5/24/2005,N,Y,Added per request of North Carolina.,1,1,,,,0,1,HAP,1
7789426,Cadmium Bromide,Cadmium Compounds,CdBr2,272.22,Y,5/9/2005,N,N,Added per request North Carolina.,1,1,,,,0,1,HAP,1
779022,9-Methyl Anthracene,Polycyclic Organic Matter as non-15 PAH,C15H12,192.26,Y,11/14/2005 3:37,N,Y,The pollutant was added.,0,0,,,,1,1,HAP,1
7790809,Cadmium Iodide,Cadmium Compounds,CdI2,366.22,Y,11/26/2001 11:02,Y,Y,,1,1,,,,0,1,HAP,1
7795917,Ethylene Glycol Mono-Sec-Butyl Ether,Glycol Ethers,C6H14O2,118.18,Y,11/26/2001 11:02,Y,Y,,0,0,,,,1,1,HAP,1
78,Acenaphthalene,,,,N,9/19/2002 0:00,Y,N,,0,0,,,,0,0,,
78002,Tetraethyl Lead,Lead Compounds,PbC8H20,323.45,Y,11/26/2001 11:02,Y,Y,,1,1,,,,0,1,HAP,1
7803512,Phosphine,Phosphine,PH3,34,Y,11/26/2001 11:02,Y,Y,,0,0,,,,0,0,HAP,1
78308,Triorthocresyl Phosphate,Phosphorus Compounds,,,N,5/5/2004 10:07,Y,N,The pollutant is no longer active.,0,0,,,,0,1,,
78591,Isophorone,Isophorone,C9H14O,138.21,Y,11/26/2001 11:02,Y,Y,,0,0,,,,1,0,HAP,1
78820,2-Methyl-Propanenitrile,Cyanide Compounds,C4H7N,69.11,Y,11/26/2001 11:02,Y,Y,,0,0,,,,0,1,HAP,1
78875,Propylene Dichloride,"Propylene Dichloride (1,2-Dichloropropane)",C3H6Cl2,112.99,Y,11/26/2001 11:02,Y,Y,,1,1,,,,1,0,HAP,1
78933,Methyl Ethyl Ketone,Methyl Ethyl Ketone (2-Butanone),C4H8O,72.11,Y,11/26/2001 11:02,Y,Y,,0,0,,,,1,0,HAP,1
79005,"1,1,2-Trichloroethane","1,1,2-Trichloroethane",C2H3Cl3,133.4,Y,11/26/2001 11:02,Y,Y,,0,0,,,,1,0,HAP,1
79016,Trichloroethylene,Trichloroethylene,C2HCl3,131.39,Y,11/26/2001 11:02,Y,Y,,1,1,,,,1,0,HAP,1
79061,Acrylamide,Acrylamide,C3H5NO,71.08,Y,11/26/2001 11:02,Y,Y,,0,0,,,,1,0,HAP,1
79107,Acrylic Acid,Acrylic Acid,C3H4O2,72.06,Y,11/26/2001 11:02,Y,Y,,0,0,,,,1,0,HAP,1
79118,Chloroacetic Acid,Chloroacetic Acid,C2H3ClO2,94.5,Y,11/26/2001 11:02,Y,Y,,0,0,,,,1,0,HAP,1
79345,"1,1,2,2-Tetrachloroethane","1,1,2,2-Tetrachloroethane",C2H2Cl4,167.85,Y,11/26/2001 11:02,Y,Y,,1,1,,,,1,0,HAP,1
79447,Dimethylcarbamoyl Chloride,Dimethylcarbamoyl Chloride,C3H6ClNO,107.54,Y,11/26/2001 11:02,Y,Y,,0,0,,,,1,0,HAP,1
79469,2-Nitropropane,2-Nitropropane,C3H7NO2,90.09,Y,11/26/2001 11:02,Y,Y,,0,0,,,,1,0,HAP,1
8001352,Toxaphene,Toxaphene (Chlorinated Camphene),C10H10Cl8,414,Y,11/26/2001 11:02,Y,Y,,0,0,,,,0,1,HAP,1
8007452,Coal Tar,Polycyclic Organic Matter as non-15 PAH,,,Y,3/13/2003 9:14,N,Y,,1,1,,,,1,1,HAP,1
8030704,Manganese Tallate,Manganese Compounds,,,Y,11/26/2001 11:02,Y,Y,,1,1,,,,0,1,HAP,1
80626,Methyl Methacrylate,Methyl Methacrylate,C5H8O2,100.12,Y,11/26/2001 11:02,Y,Y,,0,0,,,,1,0,HAP,1
822060,Hexamethylene Diisocyanate,Hexamethylene Diisocyanate, C8H12N2O2,168.2,Y,11/26/2001 11:02,Y,Y,,0,0,,,,0,1,HAP,1
82688,Pentachloronitrobenzene,Pentachloronitrobenzene (Quintobenzene),C6Cl5NO2,295.34,Y,11/26/2001 11:02,Y,Y,,0,0,,,,1,1,HAP,1
832699,1-Methylphenanthrene,Polycyclic Organic Matter as non-15 PAH,C15H12,192,Y,3/13/2003 9:14,N,Y,,0,0,,,,1,1,HAP,1
83329,Acenaphthene,Polycyclic Organic Matter as 15-PAH,C12H10,154.21,Y,11/26/2001 11:02,Y,Y,,0,1,,,,1,1,HAP,1
84742,Dibutyl Phthalate,Dibutyl Phthalate,C16H22O4,278.35,Y,11/26/2001 11:02,Y,Y,,0,0,,,,1,1,HAP,1
85018,Phenanthrene,Polycyclic Organic Matter as 15-PAH,C14H10,178.23,Y,11/26/2001 11:02,Y,Y,,0,1,,,,1,1,HAP,1
85449,Phthalic Anhydride,Phthalic Anhydride,C8H4O3,148.12,Y,11/26/2001 11:02,Y,Y,,0,0,,,,0,1,HAP,1
86737,Fluorene,Polycyclic Organic Matter as 15-PAH,C13H10,166.22,Y,11/26/2001 11:02,Y,Y,,0,1,,,,1,1,HAP,1
87683,Hexachlorobutadiene,Hexachlorobutadiene,C4Cl6,260.76,Y,11/26/2001 11:02,Y,Y,,0,0,,,,1,0,HAP,1
87865,Pentachlorophenol,Pentachlorophenol,C6HCl5O,266.34,Y,11/26/2001 11:02,Y,Y,,0,0,,,,1,1,HAP,1
88,Alkylated Lead,Lead Compounds,,,Y,11/26/2001 11:02,Y,Y,,1,1,,,,0,1,HAP,1
88062,"2,4,6-Trichlorophenol","2,4,6-Trichlorophenol",C6H3Cl3O,197.45,Y,11/26/2001 11:02,Y,Y,,0,0,,,,1,1,HAP,1
90040,o-Anisidine,o-Anisidine,C7H9NO,123.15,Y,11/26/2001 11:02,Y,Y,,0,0,,,,1,0,HAP,1
90120,1-Methylnaphthalene,Polycyclic Organic Matter as non-15 PAH,C19H14,142.2,Y,11/26/2001 11:02,Y,Y,,0,0,,,,1,1,HAP,1
9016459,Nonyl Phenyl Polyethylene Glycol Ether,,,,N,9/19/2002 0:00,Y,N,,0,0,,,,0,0,,
9036195,"Glycols, Polyethylene, Mono(1,1,3,3-Tetramethylbutylphenyl) Ether",,,,N,9/19/2002 0:00,Y,N,,0,0,,,,0,0,,
9038953,"Glycols, Polyethylene, Polypropylene Monobutyl Ether (Nonionic)",,,,N,9/19/2002 0:00,Y,N,,0,0,,,,0,0,,
91203,Naphthalene,Naphthalene,C10H8,128.16,Y,11/26/2001 11:02,Y,Y,,0,1,,,,1,1,HAP,1
91225,Quinoline,Quinoline,C9H7N,129.16,Y,11/26/2001 11:02,Y,Y,,1,1,,,,1,1,HAP,1
91576,2-Methylnaphthalene,Polycyclic Organic Matter as non-15 PAH,C11H10,142.2,Y,11/26/2001 11:02,Y,Y,,0,0,,,,1,1,HAP,1
91587,2-Chloronaphthalene,Polycyclic Organic Matter as non-15 PAH,C10H7Cl,162.62,Y,11/26/2001 11:02,Y,Y,,0,0,,,,1,1,HAP,1
91941,"3,3'-Dichlorobenzidene","3,3'-Dichlorobenzidene",C12H10Cl2N2,153.13,Y,11/26/2001 11:02,Y,Y,,0,0,,,,1,1,HAP,1
92,Antimony & Compounds,Antimony Compounds,,,Y,11/26/2001 11:02,Y,Y,,0,0,,,,0,1,HAP,2
92203026,"Phosphoric Acid,Rx P",Phosphorus Compounds,,,N,5/5/2004 10:07,Y,N,The pollutant is no longer active.,0,0,,,,0,1,,
92524,Biphenyl,Biphenyl,C12H10,154.21,Y,11/26/2001 11:02,Y,Y,,0,0,,,,1,0,HAP,1
92671,4-Aminobiphenyl,4-Aminobiphenyl,C12H11N,169.23,Y,11/26/2001 11:02,Y,Y,,0,0,,,,1,1,HAP,1
92875,Benzidine,Benzidine,C12H12N2,184.24,Y,11/26/2001 11:02,Y,Y,,0,0,,,,1,1,HAP,1
92933,4-Nitrobiphenyl,4-Nitrobiphenyl, C12H9NO2,199.21,Y,11/26/2001 11:02,Y,Y,,0,0,,,,1,1,HAP,1
929373,Diethylene Glycol Monovinyl Ether,Glycol Ethers,C6H12O3,132.36,Y,11/26/2001 11:02,Y,Y,,0,0,,,,1,1,HAP,1
93,Arsenic & Compounds (Inorganic Including Arsine),Arsenic Compounds(Inorganic Including Arsine),,,Y,11/26/2001 11:02,Y,Y,,1,1,,,,0,1,HAP,2
94757,"2,4-Dichlorophenoxy Acetic Acid","2,4-D (2,4-Dichlorophenoxyacetic Acid)(Including Salts And Esters)",C8H6Cl2O3,221.04,Y,11/26/2001 11:02,Y,Y,,0,0,,,,1,0,HAP,1
95476,o-Xylene,Xylenes (Mixed Isomers),C8H10,106.17,Y,11/26/2001 11:02,Y,Y,,0,0,,,,1,0,HAP,1
95487,o-Cresol,Cresol/Cresylic Acid (Mixed Isomers),C7H8O,108.14,Y,11/26/2001 11:02,Y,Y,,0,0,,,,1,1,HAP,1
95534,o-Toluidine,o-Toluidine,C7H9N,107.16,Y,11/26/2001 11:02,Y,Y,,0,0,,,,1,0,HAP,1
95807,"Toluene-2,4-Diamine","Toluene-2,4-Diamine",C7H10N2,122.17,Y,11/26/2001 11:02,Y,Y,,0,0,,,,1,1,HAP,1
95954,"2,4,5-Trichlorophenol","2,4,5-Trichlorophenol",C6H3Cl3O,197.45,Y,11/26/2001 11:02,Y,Y,,0,0,,,,1,1,HAP,1
96093,Styrene Oxide,Styrene Oxide,C8H8O,120.15,Y,11/26/2001 11:02,Y,Y,,0,0,,,,1,0,HAP,1
96128,"1,2-Dibromo-3-Chloropropane","1,2-Dibromo-3-Chloropropane",C3H5Br2Cl,236.33,Y,11/26/2001 11:02,Y,Y,,0,0,,,,1,0,HAP,1
96457,Ethylene Thiourea,Ethylene Thiourea,C3H6N2S,102.16,Y,11/26/2001 11:02,Y,Y,,0,0,,,,0,1,HAP,1
98077,Benzotrichloride,Benzotrichloride,C7H5Cl3,195.47,Y,11/26/2001 11:02,Y,Y,,0,0,,,,1,1,HAP,1
98828,Cumene,Cumene,C9H12,120.19,Y,11/26/2001 11:02,Y,Y,,0,0,,,,1,0,HAP,1
98862,Acetophenone,Acetophenone,C8H8O,120.15,Y,11/26/2001 11:02,Y,Y,,0,0,,,,1,0,HAP,1
98953,Nitrobenzene,Nitrobenzene,C6H5NO2,123.11,Y,11/26/2001 11:02,Y,Y,,0,0,,,,1,0,HAP,1
CH4,Methane,,,,N,3/13/2003 8:44,Y,N,,0,0,,,,0,0,,
CO,Carbon Monoxide,CO,,,Y,11/26/2001 11:02,Y,Y,,0,0,,,,0,0,CAP,1
CO2,Carbon Dioxide,,,,N,3/13/2003 8:44,Y,N,,0,0,,,,0,0,,
EC,Elemental Carbons,,,,N,3/13/2003 8:44,Y,N,,0,0,,,,0,0,,
HC,Hydrocarbons,,,,N,3/13/2003 8:44,Y,N,,0,0,,,,0,0,,
ISO,Isoprene,,,,N,3/13/2003 8:44,Y,N,,0,0,,,,0,0,,
MONO,Monoterpines,,,,N,3/13/2003 8:44,Y,N,,0,0,,,,0,0,,
N2O,Nitrous Oxide,,,,N,5/24/2005,Y,N,"Updated ""0"" to ""O"" in N2O.",0,0,,,,0,0,,
NH3,Ammonia,NH3,NH3,17.03,Y,11/26/2001 11:02,Y,Y,,0,0,,,,0,0,CAP,1
NMHC,Nonmethane Hydrocarbons,,,,N,3/13/2003 8:44,Y,N,,0,0,,,,0,0,,
NMOC,Nonmethane Organic Compounds,,,,N,3/13/2003 8:44,Y,N,,0,0,,,,0,0,,
NMOG,Nonmethane Organic Gases,,,,N,3/13/2003 8:44,Y,N,,0,0,,,,0,0,,
NO,Nitric Oxides,,,,N,9/19/2002 0:00,N,N,,0,0,,,,0,0,,
NOX,Nitrogen Oxides,NOX,,,Y,11/26/2001 11:02,Y,Y,,0,0,,,,0,0,CAP,1
NOY,Nitrogen Oxides Plus Secondary Compounds,,,,N,9/19/2002 0:00,N,N,,0,0,,,,0,0,,
NY059280,Nickel (NI 059),Nickel Compounds,,,N,5/5/2004 10:07,N,N,The pollutant is no longer active.  The correct pollutant code is 14336700.,1,1,,,,0,1,,
OC,Organic Compounds,,,,N,3/13/2003 8:44,Y,N,,0,0,,,,0,0,,
OZ,Ozone,,,,N,9/19/2002 0:00,N,N,,0,0,,,,0,0,,
PB,Lead,,,,N,9/19/2002 0:00,N,N,,0,0,,,,0,0,,
PM,Particulate Matter,,,,N,9/19/2002 0:00,N,N,,0,0,,,,0,0,,
PM10,Particulate Matter Less Than or Equal To 10 Micrometers,,,,N,9/19/2002 0:00,N,N,,0,0,,,,0,0,,
PM10-FIL,"Primary PM10, Filterable Portion Only",PM,,,Y,9/19/2002 11:29,Y,Y,,0,0,,,,0,0,CAP,1
PM10-PRI,Primary PM10 (Includes Filterables + Condensibles),PM,,,Y,9/19/2002 11:29,Y,Y,,0,0,,,,0,0,CAP,1
PM25,Particulate Matter Less Than Or Equal To 2.5 Micrometers,,,,N,9/19/2002 0:00,N,N,,0,0,,,,0,0,,
PM25-FIL,"Primary PM2.5, Filterable Portion Only",PM,,,Y,9/19/2002 11:29,Y,Y,,0,0,,,,0,0,CAP,1
PM25-PRI,Primary PM2.5 (Includes Filterables + Condensibles),PM,,,Y,9/19/2002 11:29,Y,Y,,0,0,,,,0,0,CAP,1
PM-CON,Primary PM Condensible Portion Only (All Less Than 1 Micron),PM,,,Y,9/19/2002 11:29,Y,Y,,0,0,,,,0,0,CAP,1
PM-FIL,"Primary PM, Filterable Portion Only",PM,,,Y,9/19/2002 11:29,Y,Y,,0,0,,,,0,0,CAP,1
PM-PRI,Primary PM (Includes Filterables + Condensibles),PM,,,Y,9/19/2002 11:29,Y,Y,,0,0,,,,0,0,CAP,1
ROG,Reactive Organic Gases,,,,N,3/13/2003 8:44,Y,N,,0,0,,,,0,0,,
SO2,Sulfur Dioxide,SO2,SO2,64.06,Y,11/26/2001 11:02,Y,Y,,0,0,,,,0,0,CAP,1
SOX,Sulfur Oxides,SOX,,,N,3/13/2003 8:44,Y,N,,0,0,,,,0,0,,
TOG,Total Organic Gases,,,,N,3/13/2003 8:44,Y,N,,0,0,,,,0,0,,
VOC,Volatile Organic Compounds,VOC,,,Y,11/26/2001 11:02,Y,Y,,0,0,,,,0,0,CAP,1
